,constrained_energy,relaxed_energy,torsion_0,torsion_1,relaxed_torsion_0,relaxed_torsion_1
0,-36.72607321556666,-37.43393655104168,20,0,90,90
1,-36.881298815130066,-37.43380227875778,100,70,90,90
2,-36.76029076113801,-37.81720975320769,30,160,30,180
3,-36.73764466572965,-37.42888937603132,10,170,150,210
4,-36.805038726141476,-37.433920154937425,230,60,150,30
5,-36.809753727731675,-37.42888330084796,70,220,150,210
6,-36.78193901487717,-37.43393275863059,110,340,90,90
7,-36.75719028209832,-37.380088844216885,250,290,300,240
8,-36.827090254412326,-37.43393363315403,180,100,150,30
9,-36.815608397978934,-37.42827723955651,170,120,120,60
10,-36.79636187225606,-37.259849424038094,130,150,120,150
11,-36.76599385323075,-37.75873817045735,190,160,210,180
12,-36.74316047628963,-37.42888442351111,10,180,150,210
13,-36.81899408445801,-37.433936541522826,40,60,90,90
14,-36.740954021392895,-37.433930731223825,230,10,150,30
15,-36.78729922860262,-37.428890633517,160,190,150,210
16,-36.86800019580156,-37.43359670658239,80,60,120,60
17,-36.840567423151754,-37.38456997650451,300,210,300,210
18,-36.79804562218453,-37.4285725232254,180,260,120,270
19,-36.71965961499791,-37.428875668770985,340,150,150,210
20,-36.856162993232914,-37.384615855460396,310,220,300,210
21,-36.86677468924347,-37.377440380657134,270,60,300,60
22,-36.747949709579416,-37.424643043324636,210,310,120,240
23,-36.851852251630476,-37.38461501712379,300,270,300,270
24,-36.78190290023474,-37.43393411008637,240,30,150,30
25,-36.811410367874544,-37.42888940178938,110,190,150,210
26,-36.81757126872566,-37.43393560839539,180,40,150,30
27,-36.74129544492382,-37.43393456627149,30,0,90,90
28,-36.80586483590494,-37.42883517664606,90,290,90,270
29,-36.77284776159016,-37.81720441610767,160,340,210,360
30,-36.79419294401674,-37.43393558305735,130,0,150,30
31,-36.760119488621825,-37.433934804383654,190,0,150,30
32,-36.761318026822835,-37.428316482017436,20,220,120,270
33,-36.794294179084886,-37.38460138524101,350,240,300,210
34,-36.78806066060889,-37.433934241079555,200,110,150,30
35,-36.748745463641086,-37.43392885680066,350,20,90,90
36,-36.7249402881624,-37.42815617665349,230,0,120,60
37,-36.79690175161099,-37.43393665449395,30,100,90,90
38,-36.828379247914484,-37.428448317926694,120,260,90,270
39,-36.769370854928866,-37.428875560538785,230,240,90,270
40,-36.74046184311413,-37.433914377414624,210,0,150,30
41,-36.786295285213015,-37.81720573466774,110,320,210,360
42,-36.83865711134101,-37.384612935159424,330,250,300,270
43,-36.80315901469635,-37.43393523450351,190,110,150,30
44,-36.773864649221565,-37.81720429152159,40,160,30,180
45,-36.82477339881933,-37.42469683292751,150,280,120,240
46,-36.87300242294563,-37.38462564949697,290,230,300,210
47,-36.882967036070255,-37.37743921275231,290,50,300,30
48,-36.81528652188007,-37.4339250729806,110,130,90,90
49,-36.73108056149303,-37.38461956731936,330,170,300,210
50,-36.830458903256385,-37.43390679086423,150,30,150,30
51,-36.73761535571879,-37.42885782913888,10,300,150,210
52,-36.72902951221832,-37.38462058786902,240,180,300,270
53,-36.812028943419136,-37.433936965423584,90,130,90,90
54,-36.71603314124343,-37.38457412845415,290,320,300,270
55,-36.7812862126338,-37.75873246478153,80,320,30,360
56,-36.83438028182502,-37.43392618324066,90,20,90,90
57,-36.716990005564554,-37.75873709355284,230,160,210,180
58,-36.80152688733321,-37.42887777867341,170,250,90,270
59,-36.8445430959936,-37.43393760572249,130,30,150,30
60,-36.783971477770876,-37.428845752338674,60,300,90,270
61,-36.81684081735824,-37.43393491508206,180,110,150,30
62,-36.770579956634236,-37.42888524594625,0,220,150,210
63,-36.85014682846139,-37.43393688362076,90,30,90,90
64,-36.77577892342836,-37.81719585432049,150,340,210,360
65,-36.77791065610663,-37.817196157865254,140,340,210,360
66,-36.70182484981132,-37.428888895461654,350,320,90,270
67,-36.75904233154267,-37.42879339352106,20,280,150,210
68,-36.82731287846974,-37.428781614174454,110,260,90,270
69,-36.788957935049694,-37.375125626350666,270,20,300,60
70,-36.78386808946405,-37.433936026594836,130,350,150,30
71,-36.87867985177758,-37.43393260782943,140,70,90,90
72,-36.734129795815505,-37.37743490231688,280,130,300,60
73,-36.70732883452615,-37.375319526143414,260,350,300,60
74,-36.76667830799127,-37.42888419961966,30,220,90,270
75,-36.86792249843819,-37.37744006106507,320,80,300,60
76,-36.68951480266378,-37.377444628713306,330,340,300,30
77,-36.87685670404764,-37.43392406739687,140,80,90,90
78,-36.755230154218054,-37.42889012650025,210,210,90,270
79,-36.7736278866432,-37.42888351678127,40,230,150,210
80,-36.85641794779005,-37.433931293404925,80,40,90,90
81,-36.78535560659088,-37.42888320597754,180,240,90,270
82,-36.788183033220264,-37.75873820209108,150,160,210,180
83,-36.76474850741056,-37.4288868276974,30,230,90,270
84,-36.75880920821123,-37.384610971412826,320,300,300,270
85,-36.79811348095524,-37.42419489907701,160,310,120,240
86,-36.80542798413285,-37.42815374594724,180,120,120,60
87,-36.8123441086108,-37.38462543368078,270,210,300,210
88,-36.77530660404753,-37.43393767193922,60,350,150,30
89,-36.790161108589416,-37.42887959818708,140,170,150,210
90,-36.72297987398318,-37.38450285450671,310,150,300,210
91,-36.76699443560614,-37.428890407470504,190,180,150,210
92,-36.82489169571119,-37.428831180925584,110,270,90,270
93,-36.74520783380032,-37.817207430835566,200,330,210,360
94,-36.75758894309547,-37.38462327218372,340,190,300,210
95,-36.80896883073132,-37.42888517313028,160,300,90,270
96,-36.71768592949306,-37.758735832503476,20,330,30,360
97,-36.83000695187505,-37.43393062018089,120,120,90,90
98,-36.76696848320685,-37.428889382344266,220,270,150,210
99,-36.853892493049926,-37.433806702344924,140,40,150,30
100,-36.69634396462183,-37.81720818389775,250,330,210,360
101,-36.78697436004981,-37.433936245180604,220,90,150,30
102,-36.84525237990755,-37.433928135819684,60,70,90,90
103,-36.77735615331284,-37.38047332059185,250,210,300,240
104,-36.861333416802466,-37.3804136709457,280,230,300,240
105,-36.80353247386543,-37.43393487309535,240,80,150,30
106,-36.800994474290434,-37.43393337105928,0,90,90,90
107,-36.7972743359675,-37.4338687057066,50,20,90,90
108,-36.78302563611456,-37.428891266342305,240,260,90,270
109,-36.76562440644017,-37.428889324368185,30,180,150,210
110,-36.79153171809318,-37.42884964396151,180,250,90,270
111,-36.801620231158665,-37.3774196346196,310,110,300,60
112,-36.82710262597078,-37.37741926907768,290,100,300,60
113,-36.79848739242891,-37.384538867378495,250,230,300,270
114,-36.882361164665184,-37.37724481042608,280,60,300,60
115,-36.83271158645894,-37.43390742134048,50,70,90,90
116,-36.81184001627608,-37.42887417858137,80,250,90,270
117,-36.81581769739822,-37.433928126421364,130,130,150,30
118,-36.8031549945525,-37.428888408827135,70,250,90,270
119,-36.79740856642195,-37.37743482628895,280,20,300,30
120,-36.72175909535929,-37.384590217001715,260,310,300,270
121,-36.83211146327355,-37.37736063578171,300,100,300,60
122,-36.8207841930909,-37.42883576578163,140,290,150,210
123,-36.75049194873765,-37.43393403255084,200,0,150,30
124,-36.77144234667878,-37.428884032463884,40,290,150,210
125,-36.747768880390424,-37.3774434157487,310,130,300,60
126,-36.79405859390576,-37.4288900087069,60,240,150,210
127,-36.78774038548505,-37.81720958889525,120,320,210,360
128,-36.77684735538534,-37.42888360707508,180,200,150,210
129,-36.82089201968412,-37.43375501438297,190,90,150,30
130,-36.774608497583614,-37.42889028979761,190,310,90,270
131,-36.788323071099825,-37.42832499741169,220,40,120,60
132,-36.78969413113899,-37.42827882970053,90,350,120,60
133,-36.708499508875576,-37.380212826937026,260,160,300,240
134,-36.81669678269759,-37.428881460210306,120,290,90,270
135,-36.75992595909091,-37.424626631381074,20,200,120,240
136,-36.72960719384463,-37.81718590336206,210,340,210,360
137,-36.80673758703705,-37.42884982608595,80,280,90,270
138,-36.84960968579014,-37.4339335844146,120,30,150,30
139,-36.77783055118769,-37.43392590064718,30,120,90,90
140,-36.750786692890586,-37.4288831656535,210,190,90,270
141,-36.70508403413575,-37.384623723281265,260,320,300,270
142,-36.82336986087452,-37.42429786032983,130,240,120,240
143,-36.724189134726885,-37.38461344531987,320,160,300,210
144,-36.73728678511213,-37.37722483747777,290,0,300,30
145,-36.78076689690778,-37.433934861813896,40,130,150,30
146,-36.753429944014556,-37.43368296680663,230,110,150,30
147,-36.73770219487312,-37.35254136632619,0,180,0,210
148,-36.800396677002055,-37.42463950287075,150,310,120,240
149,-36.84197182442546,-37.377442219604234,260,50,300,60
150,-36.73310479343823,-37.43388374529317,240,120,150,30
151,-36.81915525207975,-37.428883620208524,90,250,90,270
152,-36.87071176983625,-37.43393739272071,150,80,150,30
153,-36.74279469308041,-37.43391487689115,0,130,90,90
154,-36.79554394395859,-37.43393455435054,190,30,150,30
155,-36.78937255582363,-37.42886986882036,60,290,90,270
156,-36.792926363957775,-37.42451267454945,190,280,120,240
157,-36.81735065121444,-37.42887371476846,90,190,90,270
158,-36.77257858697587,-37.42828993279437,50,0,120,60
159,-36.80153604239294,-37.81720092847141,100,150,30,180
160,-36.780614068329754,-37.43382826277289,80,340,150,30
161,-36.781199846295976,-37.81720844792716,140,330,210,360
162,-36.818606015245905,-37.43392322910316,80,120,90,90
163,-36.766635194427266,-37.81720834293691,180,330,210,360
164,-36.79272964090674,-37.428888369866456,60,280,90,270
165,-36.813141750575454,-37.43393289164044,190,100,150,30
166,-36.82826454070067,-37.37738121715668,330,40,300,30
167,-36.8118426821886,-37.42888684591921,140,300,90,270
168,-36.77254011986267,-37.377377169387614,310,120,300,60
169,-36.72267083855718,-37.37743471276508,250,0,300,60
170,-36.78104805474547,-37.42889026206174,50,290,90,270
171,-36.72159048004781,-37.38462528029689,330,160,300,210
172,-36.82763060825411,-37.38430591778908,280,210,300,210
173,-36.80098508981311,-37.37744038899345,300,20,300,30
174,-36.75412149198769,-37.43390667503351,190,350,150,30
175,-36.89348776037957,-37.37740798443747,300,70,300,60
176,-36.8213931814669,-37.42869684982588,100,270,90,270
177,-36.829875435938675,-37.37741239123514,250,60,300,60
178,-36.774371900211975,-37.42888009735046,0,230,150,210
179,-36.76046096304324,-37.43393704366133,220,20,90,90
180,-36.71866311681964,-37.37744024733939,280,140,300,60
181,-36.79231612578019,-37.4288902679136,100,310,90,270
182,-36.820227442174996,-37.43393761736155,50,40,90,90
183,-36.82518749676862,-37.377437856360245,320,100,300,60
184,-36.84717831676849,-37.43393505967086,170,90,150,30
185,-36.85560981279232,-37.37744159424446,280,40,300,30
186,-36.81595158267274,-37.42863610078098,120,210,150,210
187,-36.79610591421388,-37.81720696369999,120,160,30,180
188,-36.80679427504697,-37.43393568911765,160,20,150,30
189,-36.7722031271102,-37.42888935671331,40,250,150,210
190,-36.83039573233057,-37.433936378846425,130,120,90,90
191,-36.71996037358136,-37.384616530813986,340,160,300,210
192,-36.79733814581053,-37.43393153027827,220,50,150,30
193,-36.764380851065425,-37.42888720076863,30,250,150,210
194,-36.78652523032818,-37.43393244052655,10,100,90,90
195,-36.80357589441553,-37.43393452693249,230,70,90,90
196,-36.773892503214825,-37.25998453187921,190,140,120,150
197,-36.76885493271857,-37.75873153343761,60,330,30,360
198,-36.73575134921114,-37.37743233398871,300,0,300,30
199,-36.79983279229063,-37.433935385627194,0,50,90,90
200,-36.85540702137973,-37.3774423364861,290,90,300,60
201,-36.82488933851718,-37.38437352701072,330,220,300,210
202,-36.72752300077465,-37.38461564946226,340,170,300,210
203,-36.75851987813826,-37.42888789017667,210,230,90,270
204,-36.788973706825715,-37.38461661808722,280,290,300,270
205,-36.87971657964465,-37.377441212651576,280,70,300,60
206,-36.70216618251257,-37.37744304661189,300,340,300,30
207,-36.77594773084553,-37.428879913060854,180,190,150,210
208,-36.87165704458647,-37.433927433336976,150,70,90,90
209,-36.78476079967598,-37.4339377057336,0,40,90,90
210,-36.76585209300109,-37.43393463562572,210,20,150,30
211,-36.818391094931116,-37.428883340941724,80,210,150,210
212,-36.78485749274162,-37.75873987297226,100,320,30,360
213,-36.714945009946376,-37.38441107310632,310,320,300,270
214,-36.812601585969304,-37.4288877668769,70,210,150,210
215,-36.72097926048818,-37.42884693415644,350,160,150,210
216,-36.72793711312295,-37.81720023289367,350,140,30,180
217,-36.77337394433064,-37.81720083960329,170,330,210,360
218,-36.79840989835736,-37.43385205969295,50,120,90,90
219,-36.85423104086499,-37.428198888058574,70,50,120,60
220,-36.768292889408315,-37.424144967868926,190,190,120,240
221,-36.827006196234635,-37.37744243894031,260,40,300,60
222,-36.86663780867343,-37.377355411509456,280,80,300,60
223,-36.84000415856215,-37.43393516942723,100,110,90,90
224,-36.75182514996985,-37.38462522741193,270,300,300,270
225,-36.754231584118315,-37.75873362756249,200,160,210,180
226,-36.79021443679278,-37.38462473534301,250,270,300,270
227,-36.768496856375606,-37.81720838231516,170,340,210,360
228,-36.78811259860095,-37.43393776493724,0,100,90,90
229,-36.79214299369781,-37.43391595318349,160,10,150,30
230,-36.757423316598874,-37.428885054513785,200,180,90,270
231,-36.686418997994366,-37.43391151868377,340,340,90,90
232,-36.781643696102066,-37.81720083391036,120,330,210,360
233,-36.760786217378524,-37.428890913922714,20,240,150,210
234,-36.73882534592687,-37.433892841557935,20,10,90,90
235,-36.79013344886209,-37.75872771173971,160,150,210,180
236,-36.79601699616893,-37.3774140092093,290,110,300,60
237,-36.81243385382385,-37.43393716119755,200,80,150,30
238,-36.79296455212116,-37.81720463669413,60,150,30,180
239,-36.76088693642808,-37.42887430817453,230,220,90,270
240,-36.77499697542149,-37.38462219752816,330,290,300,270
241,-36.780125766914296,-37.42884103677258,170,170,150,210
242,-36.770346154346896,-37.42875388788448,210,280,90,270
243,-36.75866566686577,-37.75872990855095,40,310,30,360
244,-36.860479042623695,-37.43393672521418,120,100,90,90
245,-36.76386528653126,-37.42888075192738,10,230,150,210
246,-36.80031255222892,-37.81719321369249,70,160,30,180
247,-36.74710133784774,-37.38462419684623,250,190,300,270
248,-36.7982975850083,-37.81720949684319,160,140,30,180
249,-36.82533248222961,-37.42865431636636,140,260,90,270
250,-36.785788354104085,-37.43392553338771,170,10,150,30
251,-36.78070414377015,-37.428859055915325,170,180,150,210
252,-36.78028591920656,-37.75873244320775,90,330,30,360
253,-36.74080059178752,-37.377437738173995,330,10,300,30
254,-36.81537643461925,-37.37514232191916,330,100,300,60
255,-36.720491142253735,-37.384621266893305,330,150,300,210
256,-36.778407767195944,-37.38462471766448,270,290,300,270
257,-36.815325952518634,-37.424459415303915,100,190,120,240
258,-36.794527118331644,-37.428873324526336,80,300,90,270
259,-36.799446934004294,-37.43393287172688,80,0,90,90
260,-36.86199553830775,-37.43393002120766,80,80,90,90
261,-36.74829125719634,-37.42889090857045,230,200,90,270
262,-36.69435094914172,-37.37731177280659,320,340,300,30
263,-36.77330038268909,-37.81720429901864,40,150,30,180
264,-36.80538227596628,-37.42831563262038,210,70,120,60
265,-36.81936383627621,-37.42426776339792,130,290,120,240
266,-36.74103203057004,-37.758740763057034,210,150,210,180
267,-36.746243263642384,-37.428884069663496,220,300,90,270
268,-36.81761500813923,-37.43393661469213,90,10,90,90
269,-36.78494997551857,-37.43388232669653,210,100,150,30
270,-36.8357314817174,-37.433653322169334,70,30,120,90
271,-36.79027948458287,-37.42887684374412,190,290,90,270
272,-36.76724349425504,-37.428880568523766,220,260,150,210
273,-36.69725119107008,-37.384575045037394,320,330,300,270
274,-36.80744346399979,-37.4288850626194,90,170,90,270
275,-36.812403588654945,-37.384618021726595,290,200,300,210
276,-36.76574126163703,-37.42889049314377,30,260,150,210
277,-36.706079144436586,-37.43393531445051,250,140,150,30
278,-36.867799981922275,-37.3844165613113,290,260,300,270
279,-36.77636542608545,-37.38461429116114,260,200,300,210
280,-36.79359830543447,-37.42888929811127,60,260,90,270
281,-36.81887719127536,-37.42888920509537,100,200,150,210
282,-36.80201782087681,-37.43393670682926,90,0,90,90
283,-36.81498667394709,-37.433937055055196,140,130,150,30
284,-36.766660934291025,-37.433834664241175,30,20,90,90
285,-36.76017512147013,-37.42888576893833,0,280,150,210
286,-36.77620005665756,-37.43393549091368,230,30,150,30
287,-36.80200751108265,-37.43380157764199,210,80,150,30
288,-36.79453998433203,-37.38462428200447,260,210,300,210
289,-36.74344972295677,-37.3846126956515,260,300,300,270
290,-36.78851351279428,-37.42882349564084,50,220,150,210
291,-36.731451698571334,-37.43392664977614,220,0,150,30
292,-36.791441185788926,-37.38461998775682,340,210,300,210
293,-36.78054891652516,-37.433850893166834,160,0,150,30
294,-36.79094306403957,-37.38433532231852,270,200,300,210
295,-36.77762823934782,-37.81721008117958,160,330,210,360
296,-36.70669062013047,-37.433923447310406,0,0,90,90
297,-36.80732412325122,-37.42888769413622,80,170,90,270
298,-36.82716397390129,-37.3846231021667,300,280,300,270
299,-36.691772285973514,-37.43393562446491,0,340,150,30
300,-36.83490941092836,-37.37727811000323,300,30,300,30
301,-36.68680232601278,-37.43393623292647,350,340,90,90
302,-36.71489888058525,-37.433935326393,20,340,150,30
303,-36.771722952987176,-37.42882297731711,230,260,90,270
304,-36.82449304674856,-37.37743694114252,250,50,300,60
305,-36.777593523076575,-37.7587397453627,60,310,30,360
306,-36.77808416509106,-37.339997927943074,250,100,240,90
307,-36.743791644457986,-37.43393453382305,200,350,150,30
308,-36.8114014928295,-37.428739300853834,120,200,150,210
309,-36.78573850124627,-37.75873527911526,170,150,210,180
310,-36.6954971898744,-37.7587276152513,0,330,30,360
311,-36.82952771144949,-37.42833350720366,140,120,120,60
312,-36.79697172834139,-37.433937369537546,10,90,90,90
313,-36.81414504713564,-37.43393616833586,80,10,90,90
314,-36.8496463416549,-37.38462558127901,290,270,300,270
315,-36.72602643134431,-37.38460990165558,310,160,300,210
316,-36.771560971161875,-37.42889108415798,190,230,90,270
317,-36.81415649896539,-37.42888720472226,80,230,150,210
318,-36.78986801921263,-37.43393452073002,140,0,150,30
319,-36.7720141740034,-37.42888711104294,40,240,150,210
320,-36.80476804575733,-37.428885643048545,60,190,150,210
321,-36.80651247962143,-37.42872610190449,70,230,150,210
322,-36.73711985655186,-37.38460486940116,350,180,300,210
323,-36.782479727393536,-37.384621017128666,340,280,300,270
324,-36.769054322313906,-37.42888681136765,190,200,150,210
325,-36.76885698108478,-37.43393573644681,40,10,90,90
326,-36.80500508971332,-37.377435699099635,260,30,300,60
327,-36.73138610740105,-37.4288831124706,230,180,90,270
328,-36.76930280912754,-37.428882559461016,190,210,150,210
329,-36.86125749539755,-37.38012833833562,320,240,300,240
330,-36.81392537884116,-37.433936876155485,40,50,150,30
331,-36.74456110740388,-37.26001207288081,210,140,120,150
332,-36.8460164485447,-37.433935948809136,130,110,90,90
333,-36.80530978656731,-37.428885326781085,60,200,150,210
334,-36.781820656663484,-37.433891798051235,40,20,90,90
335,-36.74875320394179,-37.42888530136378,220,200,90,270
336,-36.73862654900279,-37.817199549841774,210,320,210,360
337,-36.69849389121782,-37.38462182445949,270,330,300,270
338,-36.84295131093822,-37.380226146139165,270,230,300,240
339,-36.81135959089838,-37.428539570486805,80,260,120,270
340,-36.71034954172438,-37.37717527242327,270,350,300,30
341,-36.74123879931935,-37.37744217393285,290,130,300,60
342,-36.74683592681768,-37.758723550918546,40,330,30,360
343,-36.824713740743135,-37.4247014366195,110,230,120,240
344,-36.80896165867716,-37.42887630872542,70,180,150,210
345,-36.784013956653354,-37.37742946140261,320,20,300,30
346,-36.732360659234644,-37.75873838202895,30,330,30,360
347,-36.785228109765,-37.42888347827986,240,250,90,270
348,-36.80647079619385,-37.42414425123977,110,180,120,240
349,-36.7321124883137,-37.42888257420577,220,170,90,270
350,-36.81247037108619,-37.43393562366256,200,60,90,90
351,-36.77169618714666,-37.428870011194135,230,250,90,270
352,-36.76236231876783,-37.428883149114796,10,220,90,270
353,-36.849388381069105,-37.38461507397756,270,240,300,270
354,-36.725183380361614,-37.428884424491315,10,310,150,210
355,-36.89225586648442,-37.377433578046805,290,60,300,60
356,-36.8423337059792,-37.433900143188225,80,100,90,90
357,-36.803722709472936,-37.37743986255441,270,100,300,60
358,-36.85695037001966,-37.43393605641597,70,70,90,90
359,-36.829007682046864,-37.37744187376322,280,30,300,30
360,-36.769699287447736,-37.43393634803351,20,30,90,90
361,-36.77477395180043,-37.43393539146203,220,100,150,30
362,-36.70357809269922,-37.38461989046317,290,330,300,270
363,-36.7075007534946,-37.37743767463249,260,140,300,60
364,-36.813963737274975,-37.37743577108472,260,90,300,60
365,-36.75713233647551,-37.81720433816017,190,330,210,360
366,-36.81674018208602,-37.384232231655574,330,270,300,270
367,-36.81658317090168,-37.428888353259424,150,250,90,270
368,-36.76139749186447,-37.38459100851392,300,180,300,210
369,-36.817022151712194,-37.37743067744486,280,100,300,60
370,-36.76554210010991,-37.42888885696166,30,280,150,210
371,-36.77753738560628,-37.43393593011169,150,350,150,30
372,-36.81552142136243,-37.38059778713969,340,250,300,240
373,-36.824620643255145,-37.384611965777424,320,210,300,210
374,-36.75239633784798,-37.81720167848047,200,320,210,360
375,-36.88081575125625,-37.42816253272284,130,60,120,60
376,-36.731923138525815,-37.81720839948895,210,330,210,360
377,-36.77552274042071,-37.38462364088298,250,280,300,270
378,-36.87699995726123,-37.43393628947118,120,50,150,30
379,-36.761654870242495,-37.428883964872426,30,290,150,210
380,-36.80919484912354,-37.43393311718336,80,130,90,90
381,-36.82520935000656,-37.42889074274598,130,280,90,270
382,-36.7514997452366,-37.35245876096147,240,290,240,270
383,-36.847326557312016,-37.43393588473529,170,60,150,30
384,-36.816637010583236,-37.38461940895911,280,280,300,270
385,-36.76976528164761,-37.433926664051825,230,100,150,30
386,-36.75660260075267,-37.428846032548336,210,220,90,270
387,-36.77325607396469,-37.33998383168691,350,30,0,30
388,-36.81643316001558,-37.37742714667621,250,80,300,60
389,-36.76554883843724,-37.43393249442471,0,30,90,90
390,-36.7871727018221,-37.42888090219327,150,170,150,210
391,-36.74862965362982,-37.42888193660846,0,290,150,210
392,-36.82768017964008,-37.42854368858477,130,270,120,270
393,-36.806827333023364,-37.433936957116,60,120,90,90
394,-36.70775007511571,-37.433937196090255,240,350,150,30
395,-36.85575592505958,-37.38462205798541,320,230,300,210
396,-36.704521359202744,-37.43393747279583,10,350,90,90
397,-36.808120162592786,-37.42881891701839,170,260,90,270
398,-36.876047203362276,-37.4339329329662,90,60,90,90
399,-36.81659434177351,-37.428889528209055,80,190,90,270
400,-36.700086215958805,-37.817201660804784,240,330,210,360
401,-36.76935090586613,-37.43393224974332,30,130,150,30
402,-36.8656492314191,-37.377442647481985,320,50,300,30
403,-36.75518652334051,-37.42889064841765,230,210,90,270
404,-36.72497998219433,-37.75872456630512,20,320,30,360
405,-36.80974491645304,-37.43390889098353,50,30,90,90
406,-36.79877997625178,-37.42489504108272,160,230,120,240
407,-36.80467432400803,-37.43392906311422,210,60,90,90
408,-36.72486443142344,-37.43378916321117,350,10,90,90
409,-36.80754387803162,-37.433929641055386,70,10,90,90
410,-36.70779887716455,-37.817208816036214,230,330,210,360
411,-36.80683138801106,-37.42888537690533,150,230,150,210
412,-36.74392029832063,-37.377443759987585,330,130,300,60
413,-36.79231307976062,-37.42819614644813,190,120,120,60
414,-36.795209972633785,-37.42888211930469,160,220,150,210
415,-36.81433754064636,-37.428164125215886,200,70,120,60
416,-36.762051897450334,-37.81720426716322,180,340,210,360
417,-36.737883959627226,-37.42888777971831,220,180,90,270
418,-36.79820970592806,-37.38453003760688,300,290,300,270
419,-36.80295038136339,-37.428888767680746,180,270,90,270
420,-36.78565702024747,-37.81720289879769,50,160,30,180
421,-36.798144645781804,-37.42889081705306,60,170,150,210
422,-36.71866711641948,-37.384626656761355,250,310,300,270
423,-36.763645530839085,-37.38462484916505,350,200,300,210
424,-36.885503617827425,-37.43392522514199,120,70,90,90
425,-36.81474544435693,-37.433935950181706,240,60,150,30
426,-36.83009070085248,-37.43392352204836,50,80,90,90
427,-36.82558128597739,-37.377433531666185,350,70,300,30
428,-36.79257866031094,-37.428768077983506,140,180,150,210
429,-36.818498892519216,-37.42858393776527,90,260,120,270
430,-36.74083894669374,-37.433934900117976,240,10,150,30
431,-36.82062079681185,-37.433935826575095,40,70,90,90
432,-36.77578163809244,-37.38462217273283,350,210,300,210
433,-36.860726319703616,-37.43393698342115,130,100,90,90
434,-36.79206912730743,-37.377427193311604,250,30,300,60
435,-36.8108027888687,-37.433920308535534,30,70,90,90
436,-36.81380604066874,-37.43387568380251,150,20,150,30
437,-36.826809065524884,-37.424567696407735,110,240,120,240
438,-36.73701839787515,-37.433934094076676,220,130,90,90
439,-36.818432230589394,-37.43392807104058,100,10,90,90
440,-36.880652589349864,-37.38461210794466,300,250,300,270
441,-36.78945523969415,-37.38033698595024,250,220,300,240
442,-36.88152357504788,-37.43393241954848,100,60,90,90
443,-36.75935490282623,-37.43393399241893,50,340,150,30
444,-36.749438699998194,-37.43393486457819,40,350,150,30
445,-36.8231864997953,-37.428884295025256,120,280,90,270
446,-36.84879719662467,-37.433565482495595,90,100,120,90
447,-36.7742112368513,-37.42888690118227,180,170,150,210
448,-36.73339442498124,-37.43393573859606,30,350,150,30
449,-36.81140411262791,-37.37744214521945,250,40,300,60
450,-36.8892619504484,-37.37520488926694,310,60,300,60
451,-36.707797056152,-37.384469852952975,270,150,300,210
452,-36.78705781686173,-37.428863967380806,170,220,150,210
453,-36.82591446168129,-37.42888938360477,130,250,90,270
454,-36.84513861152206,-37.377399563234064,260,70,300,60
455,-36.81913840767649,-37.42857707085852,110,210,150,210
456,-36.78618870475151,-37.81720692892904,50,140,30,180
457,-36.83010890211145,-37.377442107884804,270,90,300,60
458,-36.7712659580159,-37.37734935025617,300,120,300,60
459,-36.69898557445464,-37.377328322348916,270,340,300,30
460,-36.692537273020605,-37.37743341572059,340,350,300,30
461,-36.79014358080104,-37.42417416065476,170,230,120,240
462,-36.777784455926195,-37.75873810651004,70,320,30,360
463,-36.7714919850053,-37.428888895900826,200,250,150,210
464,-36.81652372917404,-37.37744280499237,320,30,300,30
465,-36.78123142894819,-37.42889054108511,40,190,150,210
466,-36.78503668217206,-37.428881449768426,50,230,150,210
467,-36.77139483581581,-37.42427367525508,210,270,120,240
468,-36.81924943586404,-37.42462207575818,90,240,120,240
469,-36.875291011996836,-37.43389149954069,90,70,90,90
470,-36.78914068213089,-37.38462436524702,350,260,300,210
471,-36.786733678055896,-37.3773645575875,280,110,300,60
472,-36.71284608829578,-37.38462368893269,280,320,300,270
473,-36.74716418585004,-37.4288772306231,210,180,90,270
474,-36.82095551907602,-37.42877767073051,90,210,150,210
475,-36.75499273990093,-37.42882086040291,30,300,150,210
476,-36.8091981707137,-37.38462335122654,340,260,300,270
477,-36.75113840386106,-37.428881080689365,230,290,90,270
478,-36.775832334957784,-37.428889907810685,50,300,90,270
479,-36.775192865640065,-37.37743771871396,270,110,300,60
480,-36.72857864514202,-37.43391724734229,10,10,90,90
481,-36.860511865206206,-37.43393500509666,130,40,150,30
482,-36.812082080780584,-37.38448564027422,320,280,300,270
483,-36.71437266780717,-37.817207753022785,230,320,210,360
484,-36.80381106677211,-37.38456524282262,280,200,300,210
485,-36.746622091171986,-37.75872466887469,30,310,30,360
486,-36.72883718028709,-37.377444119176516,300,140,300,60
487,-36.801274599086184,-37.817207352258436,80,150,30,180
488,-36.80443428811088,-37.38461955911717,340,220,300,210
489,-36.746172865656234,-37.433933599533475,10,20,90,90
490,-36.78760035280888,-37.38460006423972,300,190,300,210
491,-36.85728656044611,-37.38450363796878,280,260,300,270
492,-36.71344252892575,-37.75873531398716,10,320,30,360
493,-36.819612092395914,-37.428886172415844,90,230,150,210
494,-36.82212121609447,-37.43393613780316,70,20,90,90
495,-36.80693962245428,-37.43393361902815,200,50,150,30
496,-36.76327589979732,-37.81720741991046,30,140,30,180
497,-36.82621309639475,-37.43393444048817,60,100,90,90
498,-36.76084983860025,-37.42888068637595,200,200,150,210
499,-36.83062512557808,-37.384611969071955,330,260,300,270
500,-36.72630898462401,-37.377438271367964,270,130,300,60
501,-36.82010693990455,-37.42888508333789,130,230,150,210
502,-36.73050625057829,-37.377444231492774,310,140,300,60
503,-36.848219367671646,-37.37742444645144,260,60,300,60
504,-36.802922673581236,-37.23302801958317,140,140,150,150
505,-36.81135128897026,-37.42446820862233,150,240,120,240
506,-36.76027631083667,-37.817191208113286,30,150,30,180
507,-36.76738134612867,-37.43393576535615,200,130,90,90
508,-36.83912325199313,-37.43392850750925,170,50,150,30
509,-36.883395979115704,-37.4339340022816,130,70,90,90
510,-36.84038796009855,-37.380093577111666,330,240,300,240
511,-36.766392918454045,-37.37743389376334,300,10,300,30
512,-36.77101431408201,-37.377436746809764,330,20,300,30
513,-36.7897689031156,-37.43393588607134,100,350,150,30
514,-36.843183110851356,-37.38462350817713,320,220,300,210
515,-36.7889393813918,-37.38444560254203,330,200,300,210
516,-36.73742900697715,-37.38462447622325,310,310,300,270
517,-36.80010574226952,-37.8172085284817,110,150,30,180
518,-36.721793664565894,-37.43393260229658,220,350,150,30
519,-36.83897881535813,-37.43393758794954,180,80,150,30
520,-36.78894449096671,-37.817207803086006,130,320,210,360
521,-36.70016950712423,-37.81720223682228,240,340,210,360
522,-36.77092945332677,-37.433928352164656,240,100,150,30
523,-36.72822816159547,-37.377441476127416,330,140,300,60
524,-36.7400485333101,-37.81720702619137,10,140,30,180
525,-36.808796744598624,-37.38454809091749,330,210,300,210
526,-36.785298663391785,-37.384620066954284,350,220,300,210
527,-36.721955563732166,-37.43393501502581,240,0,150,30
528,-36.800001346692966,-37.38462064720761,250,260,300,270
529,-36.78906415389187,-37.38462460440985,260,280,300,270
530,-36.717428657824485,-37.433935586164694,230,140,90,90
531,-36.777378833870046,-37.38461791691532,320,190,300,210
532,-36.735177584529765,-37.81720419477574,10,150,30,180
533,-36.82766531537911,-37.433924481591816,170,40,150,30
534,-36.813841675966444,-37.43383242352701,40,90,90,90
535,-36.76847548267145,-37.75874050537698,190,150,210,180
536,-36.79154175717011,-37.38462575976348,350,230,300,210
537,-36.79469203252316,-37.37744275568954,310,20,300,30
538,-36.80459500010346,-37.433935614973194,30,90,90,90
539,-36.743754586241295,-37.42888804423592,220,190,90,270
540,-36.81148977462314,-37.42884273219846,130,210,150,210
541,-36.71330231188412,-37.384506924581785,280,150,330,210
542,-36.76466141619326,-37.42888621678361,10,240,90,270
543,-36.8043713824849,-37.42889064890733,70,170,90,270
544,-36.807376831546804,-37.433903203215465,190,40,150,30
545,-36.75925011833644,-37.3846221540378,290,180,300,210
546,-36.76292752108748,-37.38010656771101,250,200,300,240
547,-36.72701034512883,-37.433911001824356,340,140,90,90
548,-36.894710409516875,-37.37515349764735,300,60,300,60
549,-36.76176945429978,-37.43391199342594,240,20,150,30
550,-36.83502385498363,-37.43393509569995,110,20,150,30
551,-36.79494153953314,-37.43393478840676,20,50,150,30
552,-36.85726364341946,-37.43392135516848,160,90,150,30
553,-36.793991181781536,-37.428890955805855,50,190,150,210
554,-36.76881530863929,-37.37744199753416,250,20,300,60
555,-36.76361545942035,-37.42888528584504,240,210,90,270
556,-36.761683356879985,-37.4244423714255,200,310,120,240
557,-36.84968721619674,-37.37743520816991,320,90,300,60
558,-36.73749342726907,-37.38462387500573,290,170,300,210
559,-36.78150017533687,-37.75872627947163,170,160,210,180
560,-36.88419741276354,-37.43393409258408,110,60,90,90
561,-36.79436437814752,-37.817204666197824,60,140,30,180
562,-36.79043830623044,-37.37744199443517,330,110,300,60
563,-36.70488446533574,-37.43393543321778,350,0,90,90
564,-36.793206543274636,-37.81720725811144,170,140,30,180
565,-36.797779711607035,-37.384623214877394,330,280,300,270
566,-36.78258874214646,-37.433936692369855,190,20,150,30
567,-36.85786859145102,-37.37732333554587,310,90,300,60
568,-36.79270213784642,-37.43393318500833,30,40,90,90
569,-36.75262974693561,-37.4288868338422,220,210,90,270
570,-36.77674093046352,-37.433890018421096,70,340,150,30
571,-36.76191237831645,-37.42889026541624,10,270,150,210
572,-36.813463897323885,-37.4338320231476,70,120,90,90
573,-36.801775315695465,-37.42888936533052,180,290,90,270
574,-36.70149649598835,-37.38462710145947,280,330,300,270
575,-36.802232368788594,-37.43393467920396,30,50,150,30
576,-36.80232884716739,-37.428279887905944,10,60,120,60
577,-36.703748730249316,-37.38021085892001,260,150,300,240
578,-36.80654276175056,-37.42888647942095,120,190,150,210
579,-36.798646020110255,-37.43393088877073,240,40,150,30
580,-36.83723679661719,-37.37511784580042,330,90,300,60
581,-36.775913718378945,-37.42888348182208,0,250,150,210
582,-36.74603650201513,-37.37744369596493,300,130,300,60
583,-36.75115852136287,-37.37743816131598,260,10,300,60
584,-36.76844150325539,-37.4288811097712,0,270,90,270
585,-36.76782100402147,-37.38454379021354,300,300,300,270
586,-36.81111094205062,-37.433784691315395,60,20,90,90
587,-36.75028563671083,-37.384626412043445,330,300,300,270
588,-36.76384515372345,-37.37744266512135,260,110,300,60
589,-36.70720992535831,-37.81720630366428,230,340,210,360
590,-36.76585661329261,-37.428766609159084,190,170,150,210
591,-36.79938963799958,-37.43392907629769,170,20,150,30
592,-36.81664865097602,-37.42871317164827,100,280,120,270
593,-36.827570546188525,-37.42852896548973,130,260,90,270
594,-36.703605813605776,-37.38445546297629,300,330,300,270
595,-36.70812511438453,-37.37744227510217,340,0,300,30
596,-36.71463732144883,-37.37744219801476,290,350,300,30
597,-36.75710531442755,-37.37744376484224,350,120,300,30
598,-36.7633552829121,-37.42888265879981,220,280,90,270
599,-36.84866686414739,-37.38462304333791,270,250,300,270
600,-36.85821055542357,-37.43393060438075,110,100,90,90
601,-36.78094645354312,-37.42816667932448,120,340,120,60
602,-36.84167022816442,-37.4339182930662,60,80,90,90
603,-36.741955330541515,-37.384618070831834,340,300,300,210
604,-36.70705824839021,-37.38462397469186,250,160,300,270
605,-36.765613823478475,-37.428880561266936,230,230,90,270
606,-36.80347413748328,-37.428869790777725,170,300,90,270
607,-36.876151493390665,-37.43393465849135,100,80,90,90
608,-36.742004008405644,-37.81720610312948,200,340,210,360
609,-36.71965602952301,-37.4288848274542,240,310,90,270
610,-36.76251496850341,-37.42885569996048,30,170,150,210
611,-36.79132655582836,-37.43393149751725,180,20,150,30
612,-36.8251116610208,-37.38448384800762,270,270,300,270
613,-36.86308820435508,-37.43392722400202,90,40,90,90
614,-36.739764531208436,-37.384602077946,300,170,300,210
615,-36.702918396646254,-37.758729465058366,250,150,210,180
616,-36.7947578544659,-37.42888757207106,110,310,90,270
617,-36.73732687711322,-37.38460258877046,250,300,300,270
618,-36.87828458873267,-37.43393544240905,110,50,150,30
619,-36.74796707476071,-37.43393679280257,220,120,150,30
620,-36.81214808331586,-37.428672853595884,90,280,90,270
621,-36.749522737603996,-37.42889136373017,10,190,150,210
622,-36.74698007368562,-37.8172077084308,20,150,30,180
623,-36.78508908934219,-37.428831968340205,160,180,150,210
624,-36.71887323688847,-37.81719740239049,220,330,210,360
625,-36.81688962416362,-37.43393403241302,190,50,150,30
626,-36.75692027361123,-37.43393660569467,0,120,150,30
627,-36.84677895836788,-37.433937427434046,70,40,90,90
628,-36.793218369052,-37.42439959013268,170,310,120,240
629,-36.71716795242605,-37.384612672144584,250,170,300,270
630,-36.740180443821316,-37.42888651583411,230,190,90,270
631,-36.79914068651584,-37.43393771917542,60,130,150,30
632,-36.78451053090342,-37.817191595146596,50,150,30,180
633,-36.85873812580866,-37.433855728235386,150,50,150,30
634,-36.78413432775349,-37.42883140596541,160,170,150,210
635,-36.77335039979434,-37.43393684929134,210,110,150,30
636,-36.86998005233946,-37.384624829845535,310,230,300,210
637,-36.84478233469241,-37.42838291909254,140,110,120,60
638,-36.763447392763396,-37.428886006011254,200,230,90,270
639,-36.72972456076482,-37.81720985032348,220,140,30,180
640,-36.79805452287292,-37.42886582102031,90,300,90,270
641,-36.77763813382154,-37.42888508538255,200,290,90,270
642,-36.82269572650097,-37.4339351648037,90,120,90,90
643,-36.805486101512,-37.8172082585848,110,140,30,180
644,-36.81018499881347,-37.42888753795438,140,220,150,210
645,-36.75168275623949,-37.43393252932461,210,130,90,90
646,-36.787504285176084,-37.43393313786797,30,110,90,90
647,-36.765221082192085,-37.384623548630145,310,300,300,270
648,-36.75166849766745,-37.75873425949425,40,320,30,360
649,-36.80975529945235,-37.38462463682481,260,220,300,210
650,-36.8699799856752,-37.42815762324605,140,90,120,60
651,-36.8124497544793,-37.428888751552506,70,190,150,210
652,-36.83897412394285,-37.43393357662197,170,100,150,30
653,-36.82333192709484,-37.4339324003285,190,60,150,30
654,-36.821652516453355,-37.4288698978217,150,260,90,270
655,-36.87846206729438,-37.377414697653194,310,50,300,30
656,-36.714937582080836,-37.377443637410124,330,0,300,30
657,-36.76140008929002,-37.4242690086588,200,210,120,240
658,-36.77371798848705,-37.43392677790678,200,20,150,30
659,-36.74122212689031,-37.37744376987288,340,130,300,30
660,-36.78529144294794,-37.38449016625398,290,190,300,210
661,-36.804925801212875,-37.81719128913335,90,140,30,180
662,-36.80693748009395,-37.433923673209335,200,90,150,30
663,-36.71331026210004,-37.3774382480789,300,350,300,30
664,-36.87297937907934,-37.43393721177364,130,50,150,30
665,-36.72998788701071,-37.42447035162192,0,170,120,240
666,-36.82502363603933,-37.384616818144195,290,280,300,270
667,-36.72213800002697,-37.38459016218604,320,150,300,210
668,-36.823772701156656,-37.42438349027094,120,230,120,240
669,-36.75407476116385,-37.433934841664694,20,20,90,90
670,-36.86674436364308,-37.4339373044445,100,90,90,90
671,-36.76459871801836,-37.428881918622636,0,210,150,210
672,-36.85817091014826,-37.433935033412865,160,60,150,30
673,-36.79528182687511,-37.37738482905965,350,40,300,30
674,-36.80837412635154,-37.42815425361522,30,60,120,60
675,-36.7168680353754,-37.384604490085366,300,320,300,270
676,-36.81022202644431,-37.37741403232803,350,90,300,30
677,-36.70929150095637,-37.43393642715478,240,140,90,90
678,-36.72616801302186,-37.38462715491076,270,170,300,210
679,-36.712307288953184,-37.377318426077835,270,140,300,60
680,-36.80352626829668,-37.428606047337354,60,210,150,210
681,-36.69162148632964,-37.43393542049691,350,350,90,90
682,-36.74460485025767,-37.377438104086764,250,10,300,60
683,-36.75655665735269,-37.428674743763594,0,200,120,270
684,-36.699063079583624,-37.377276663364086,310,340,300,30
685,-36.78898210576375,-37.81720549006744,150,320,210,360
686,-36.81683539504502,-37.38462717611324,340,240,300,210
687,-36.79613802262125,-37.38453207017611,290,290,300,270
688,-36.73612620317607,-37.38462585773482,350,300,300,210
689,-36.81045325489035,-37.428886980783915,100,180,150,210
690,-36.873037012501044,-37.4339170481378,120,90,90,90
691,-36.78284133263273,-37.42874320990566,50,240,150,210
692,-36.82095152787332,-37.42866139773383,100,210,150,210
693,-36.790489411243215,-37.75872246002061,140,160,210,180
694,-36.783482234346536,-37.42888587232147,50,260,90,270
695,-36.71793049709785,-37.38462437472043,350,310,300,210
696,-36.84012876576483,-37.38459697623432,280,270,300,270
697,-36.81339208813145,-37.42888336221634,110,290,90,270
698,-36.7697846658229,-37.43393697891483,60,340,150,30
699,-36.80525739944943,-37.43393511416704,20,70,90,90
700,-36.827783541317956,-37.433932075805416,50,50,150,30
701,-36.88895540078707,-37.37744196576412,310,70,300,60
702,-36.82704201999914,-37.37743571835671,250,70,300,60
703,-36.81706634830388,-37.42888274120335,160,290,90,270
704,-36.79565101905081,-37.42888621747363,150,200,150,210
705,-36.84551999904505,-37.433930117865685,120,110,90,90
706,-36.69704962411012,-37.377442985841896,330,350,300,30
707,-36.81310039359312,-37.433932795901825,150,130,150,30
708,-36.784452036845096,-37.4288851819488,50,270,90,270
709,-36.69686437387796,-37.43391454394313,250,340,150,30
710,-36.81605677160752,-37.42888408899259,160,260,90,270
711,-36.76318396025479,-37.758741144289104,50,320,30,360
712,-36.76007493923808,-37.38462025361841,280,300,300,270
713,-36.80561891644362,-37.43393642423558,10,70,150,30
714,-36.75698814337872,-37.42886110506882,20,190,150,210
715,-36.84946276999099,-37.43393670325406,160,50,150,30
716,-36.72124955777383,-37.81720855306199,350,150,30,180
717,-36.75618647477464,-37.428890901250696,220,290,90,270
718,-36.80958379547869,-37.433926414603235,0,80,90,90
719,-36.76821039198401,-37.428887752374976,30,190,150,210
720,-36.77719287190823,-37.433932318311264,200,120,150,30
721,-36.73456283618111,-37.817203299282994,10,160,30,180
722,-36.74345249838947,-37.42888997624303,210,170,150,210
723,-36.729934776518434,-37.377440508692445,320,140,300,60
724,-36.8902285711512,-37.37738139531615,290,70,300,60
725,-36.81801964346457,-37.42424704609738,140,240,120,240
726,-36.78027075877171,-37.428886827664144,200,270,90,270
727,-36.785161715745915,-37.25997839838888,180,140,120,150
728,-36.812537677150914,-37.42439131085973,80,240,120,240
729,-36.79985198890421,-37.43393695307233,210,50,150,30
730,-36.77866127118199,-37.75872946814431,180,150,210,180
731,-36.76560914759696,-37.42888670014992,210,290,90,270
732,-36.75818129229262,-37.43391082625453,20,130,90,90
733,-36.72582007997735,-37.38460240880596,300,160,300,210
734,-36.87612400963326,-37.38021753823986,310,240,300,240
735,-36.824462712111625,-37.43392476723213,50,90,90,90
736,-36.86386133664496,-37.384625636910414,310,260,300,270
737,-36.7814135128701,-37.81720868786246,110,330,210,360
738,-36.79843683821559,-37.81719986137068,70,150,30,180
739,-36.85159778790259,-37.428283197936,170,70,120,60
740,-36.796194720364866,-37.43388036627928,220,80,150,30
741,-36.826256292104716,-37.4282821804762,190,70,120,60
742,-36.73795324353577,-37.43392883488275,230,120,150,30
743,-36.800620349928835,-37.428888129661175,140,310,150,210
744,-36.831978210701294,-37.43392233397256,50,60,90,90
745,-36.83570072443419,-37.38462535662009,330,230,300,210
746,-36.854188282322525,-37.433932484216086,100,100,90,90
747,-36.78535726637702,-37.42888524315944,180,310,90,270
748,-36.78374374780421,-37.42888979415383,190,300,90,270
749,-36.84483393187497,-37.377425862055674,320,40,300,30
750,-36.81160571192794,-37.42887771639522,150,300,90,270
751,-36.76191645801276,-37.428889412668326,200,220,90,270
752,-36.78103299683423,-37.38461672890182,350,270,300,210
753,-36.75553707392956,-37.758730366978654,200,150,210,180
754,-36.85926758647915,-37.384625162204344,320,250,300,270
755,-36.745816904555056,-37.43388030359117,40,340,150,30
756,-36.82691433073535,-37.428734248518225,120,270,90,270
757,-36.72635107037138,-37.81719355005558,0,150,30,180
758,-36.802249091129994,-37.43393625976151,20,60,150,30
759,-36.830194565477,-37.384607111409935,270,220,300,210
760,-36.79751574190999,-37.4339121122311,60,10,90,90
761,-36.8294276298727,-37.377437900838146,340,50,300,30
762,-36.69688059993865,-37.37744451683824,260,340,300,60
763,-36.80376813378672,-37.43393416407494,140,10,150,30
764,-36.74861313982137,-37.42888000591506,10,290,150,210
765,-36.870150388537155,-37.38440919268919,300,260,300,270
766,-36.83484087661668,-37.43393547050431,70,100,90,90
767,-36.75784668358128,-37.377425664104805,280,120,300,60
768,-36.72577356549934,-37.81719937106317,0,160,30,180
769,-36.761156521115595,-37.43393755048035,220,110,150,30
770,-36.7786101768213,-37.75874021656199,80,330,30,360
771,-36.78951310454508,-37.81720564388533,140,320,210,360
772,-36.7950728459098,-37.428883698161485,170,240,90,270
773,-36.72676291383968,-37.758732687793014,220,150,210,180
774,-36.775102859494524,-37.75874023996596,70,330,30,360
775,-36.75382724823859,-37.384625063079426,350,290,300,210
776,-36.82030581210918,-37.42888875901846,110,280,90,270
777,-36.82267133507369,-37.377387516792,350,60,300,30
778,-36.779231085546684,-37.42888958095139,40,180,150,210
779,-36.80184365578771,-37.377397919703014,290,20,300,30
780,-36.824710353135686,-37.42888603715889,100,250,90,270
781,-36.862245003982736,-37.433937485854585,160,80,150,30
782,-36.86256206034403,-37.42816961953105,160,70,120,60
783,-36.780833197532104,-37.433934847155314,140,350,150,30
784,-36.86741468156666,-37.43392679806195,110,40,150,30
785,-36.859981543879655,-37.37736178890893,300,90,300,60
786,-36.70605036156533,-37.38462433299438,330,320,300,270
787,-36.81231276438626,-37.37743564955741,350,50,300,30
788,-36.853196402297414,-37.375122887390404,330,80,300,60
789,-36.77911302486362,-37.43393583127465,20,110,90,90
790,-36.81029006839387,-37.424311640459166,130,300,120,240
791,-36.78879320195102,-37.42881184138773,150,180,150,210
792,-36.76930931500519,-37.75874119789924,50,310,30,360
793,-36.82392412537783,-37.43391380790828,60,30,90,90
794,-36.72039655269157,-37.38462402522302,260,170,300,270
795,-36.83382781196528,-37.384493268264606,320,270,300,270
796,-36.72534999564206,-37.817209259556535,220,320,210,360
797,-36.82113369353894,-37.377434375439066,350,80,300,30
798,-36.7586106261179,-37.37744396298288,270,10,300,30
799,-36.773831440955746,-37.433935220233394,10,110,150,30
800,-36.840459235349385,-37.38462461193811,270,260,300,270
801,-36.800320071189645,-37.42888321149715,70,280,90,270
802,-36.77193683191112,-37.7587404878299,60,320,30,360
803,-36.877955802865415,-37.37719053835764,310,80,300,60
804,-36.71984156974764,-37.37742945176274,260,130,300,60
805,-36.718448719516346,-37.38457289170361,290,150,300,210
806,-36.864428468733536,-37.42842668338042,80,50,120,60
807,-36.73123218599696,-37.38461746115661,250,180,300,270
808,-36.76578856184463,-37.352402837699174,240,280,240,270
809,-36.80990959559432,-37.42887671556957,160,250,90,270
810,-36.70415068869025,-37.428869512186935,250,320,90,270
811,-36.81866951226897,-37.42441723440314,80,200,120,240
812,-36.77021991734324,-37.37737665301279,320,120,300,60
813,-36.761038870922874,-37.43392660055355,200,10,150,30
814,-36.76787216782259,-37.384618972139975,270,190,300,210
815,-36.769146294349724,-37.3846243066026,350,280,300,210
816,-36.74899496764792,-37.42888535505958,20,170,150,210
817,-36.77849656544072,-37.42888343361082,180,220,150,210
818,-36.789083090542164,-37.4339372205329,240,90,150,30
819,-36.82599659650259,-37.43393270638151,100,120,90,90
820,-36.8029986134359,-37.42888842341088,150,220,150,210
821,-36.763868308354375,-37.433937413844916,50,350,150,30
822,-36.72738288629654,-37.384626061085754,270,310,300,270
823,-36.81702941663943,-37.42816534800821,110,10,120,60
824,-36.82653794357279,-37.42417709104424,120,240,120,240
825,-36.82031307517505,-37.428885064950435,160,270,90,270
826,-36.79440079748653,-37.43392469172565,180,130,90,90
827,-36.80492746095092,-37.75872791460736,120,140,210,180
828,-36.776306642773335,-37.42888989732347,40,170,150,210
829,-36.85952338135243,-37.37741670982396,330,60,300,30
830,-36.803728439998594,-37.3846005582391,250,240,300,270
831,-36.865217717571426,-37.43392744787778,120,40,150,30
832,-36.72071388961206,-37.38462725478661,340,310,300,210
833,-36.7514084164047,-37.43393512779451,240,110,150,30
834,-36.79322907102846,-37.425098176575176,60,250,120,240
835,-36.85249511334155,-37.43392681078436,110,30,150,30
836,-36.81881393582756,-37.43393506685479,40,80,90,90
837,-36.69015201078744,-37.38461378483484,340,330,300,210
838,-36.80954448541013,-37.4339367587759,160,130,90,90
839,-36.8006307186846,-37.43393671105028,230,50,90,90
840,-36.82838650736463,-37.377442564797065,310,30,300,30
841,-36.82312646919158,-37.37743369747838,340,90,300,30
842,-36.80490855108587,-37.43392852118035,180,30,150,30
843,-36.7821721787262,-37.428888339265455,170,190,150,210
844,-36.78223296633098,-37.43392816963208,90,340,90,90
845,-36.78604892447427,-37.377440734687895,340,30,300,30
846,-36.83479476992932,-37.43393581328948,180,90,150,30
847,-36.76052134451106,-37.377442686460284,340,120,300,30
848,-36.80143454916268,-37.42886562155803,80,290,90,270
849,-36.82596634330241,-37.42458554063239,140,280,120,240
850,-36.85473927259531,-37.43393230341354,150,100,150,30
851,-36.768406562274265,-37.4339342747746,180,0,150,30
852,-36.82796914277412,-37.43393319187916,170,110,150,30
853,-36.735519864894826,-37.38460771527647,320,170,300,210
854,-36.83592702835395,-37.38455075580612,310,210,300,210
855,-36.783794348567426,-37.43365493801227,20,40,120,60
856,-36.747146710932384,-37.35261408430861,0,190,30,210
857,-36.75666435690928,-37.384620121843284,260,190,300,210
858,-36.709243506684174,-37.377438244800146,310,350,300,30
859,-36.8371838217285,-37.433936169085854,160,40,150,30
860,-36.86996790180078,-37.43390227980328,90,80,90,90
861,-36.71331938145207,-37.3773926091433,280,350,300,30
862,-36.87806692278741,-37.384626706974956,290,250,300,270
863,-36.801462396321114,-37.42888666686059,130,190,150,210
864,-36.84740730306734,-37.38462520698903,280,220,300,210
865,-36.81271088498505,-37.42888624066191,90,180,150,210
866,-36.811224915796544,-37.38460685054568,310,200,300,210
867,-36.76660646466351,-37.4241433967357,30,270,120,240
868,-36.73346336596825,-37.384622781094436,280,310,300,270
869,-36.7877660075612,-37.4281805195142,80,350,120,60
870,-36.75835476459463,-37.37738125250385,340,20,300,30
871,-36.783200327786005,-37.43393263341608,70,350,150,30
872,-36.75683689469062,-37.42889143074612,10,280,150,210
873,-36.78138305928607,-37.42889131676836,40,200,150,210
874,-36.76593525151341,-37.38449589951759,290,300,300,270
875,-36.73945386294503,-37.377439150068824,260,120,300,60
876,-36.80977575837866,-37.42888229349626,100,290,90,270
877,-36.76166156222263,-37.42850258678385,20,270,150,210
878,-36.80167632657185,-37.428880136693806,120,180,150,210
879,-36.79845005670819,-37.43393326924368,20,90,90,90
880,-36.83918674581824,-37.428408934291355,180,70,120,60
881,-36.8221498834387,-37.4288786998936,100,220,150,210
882,-36.77555158472066,-37.43393564738034,220,30,90,90
883,-36.87271923755907,-37.43393540954406,130,90,90,90
884,-36.837637253517926,-37.38438208662981,290,210,300,210
885,-36.79754002313015,-37.377132881425865,320,110,300,60
886,-36.790983790184896,-37.43393737800346,50,130,150,30
887,-36.713140136894566,-37.43392494810209,230,350,150,30
888,-36.76751189549168,-37.38462610375933,330,190,300,210
889,-36.79804443046095,-37.433929098678675,150,10,150,30
890,-36.80303515245316,-37.81720621889528,80,160,30,180
891,-36.763852516951545,-37.42883204530824,30,240,150,210
892,-36.760613735050725,-37.37743471030484,310,10,300,30
893,-36.84343729359418,-37.433931561875966,110,110,90,90
894,-36.790062092508435,-37.428883271511125,70,300,90,270
895,-36.7766047571601,-37.42888793514342,200,260,150,210
896,-36.88135006373764,-37.377436892847044,300,80,300,60
897,-36.80934024768666,-37.433935522310094,0,60,90,90
898,-36.70543164835544,-37.75872259664993,0,320,30,360
899,-36.82244606264629,-37.43393006122099,160,30,150,30
900,-36.88018414749405,-37.4339361750427,110,80,90,90
901,-36.8797786424156,-37.38045767144553,290,240,300,240
902,-36.86674680441007,-37.43393254097464,100,40,150,30
903,-36.794681213457835,-37.38461938887892,310,290,300,270
904,-36.775235078060916,-37.384621907399975,340,200,300,210
905,-36.816528443481275,-37.43393464001471,50,100,90,90
906,-36.8164661765945,-37.42888620219111,80,220,150,210
907,-36.731168339022446,-37.37744391783397,270,0,300,30
908,-36.78662486862774,-37.43392205941228,200,30,150,30
909,-36.80204564570124,-37.42887816643753,60,180,150,210
910,-36.77853039908328,-37.43393126504412,180,10,150,30
911,-36.75014422465037,-37.38011347481333,350,190,300,240
912,-36.87659522369458,-37.43393624721054,100,50,150,30
913,-36.78234504959667,-37.81720652525368,170,320,210,360
914,-36.884791220346585,-37.433930740506696,110,70,90,90
915,-36.77361372751966,-37.42430367951346,40,260,120,240
916,-36.786534499147535,-37.43393548449279,120,350,150,30
917,-36.841727765747436,-37.42822177659846,60,50,120,60
918,-36.75088031237763,-37.817196754307304,20,140,30,180
919,-36.72672751847267,-37.38462329416066,350,170,300,210
920,-36.83177332960946,-37.43393310103136,120,20,150,30
921,-36.8044734654292,-37.42888762480743,110,300,90,270
922,-36.78211675399896,-37.433934859907396,190,130,90,90
923,-36.77272694427583,-37.43393319597217,0,110,90,90
924,-36.87096649284882,-37.433936084407776,110,90,90,90
925,-36.82022729482614,-37.3846256177676,260,260,300,270
926,-36.796571377818736,-37.42876146709409,140,190,150,210
927,-36.79688228958943,-37.4288857982132,130,180,150,210
928,-36.786316066914594,-37.384620355704016,320,290,300,270
929,-36.86106489289645,-37.375155092624794,330,70,300,60
930,-36.81589326325354,-37.428240874871676,120,130,120,60
931,-36.78428859736209,-37.433933152809715,50,10,90,90
932,-36.79937125240019,-37.42887552503936,130,310,150,210
933,-36.72542395761002,-37.433936278729874,230,130,150,30
934,-36.76691397387995,-37.38462651899431,260,290,300,270
935,-36.87193876120406,-37.43392850583621,90,50,150,30
936,-36.78859978788702,-37.4288876578897,50,170,150,210
937,-36.7965697280911,-37.42887980582469,60,230,150,210
938,-36.80635722809703,-37.433935603798915,40,100,90,90
939,-36.805376420539176,-37.42887354826021,100,170,90,270
940,-36.709789294182144,-37.424183665747364,240,160,120,240
941,-36.8202335032812,-37.428886380045356,150,290,90,270
942,-36.827173621065754,-37.42888955938477,140,270,90,270
943,-36.822079450652325,-37.428867125102954,110,220,150,210
944,-36.7833566671103,-37.758733279453054,90,320,30,360
945,-36.82803215572039,-37.43393251568787,180,50,150,30
946,-36.80016561033517,-37.428849150735545,60,220,150,210
947,-36.844825982580346,-37.37744210418799,280,90,300,60
948,-36.73839027044207,-37.428886321111264,230,300,90,270
949,-36.73218083121682,-37.81720462333743,0,140,30,180
950,-36.848299822646595,-37.3774378392238,330,50,300,30
951,-36.78722121425159,-37.4288499053163,80,310,90,270
952,-36.840374856872046,-37.37743082928253,340,60,300,30
953,-36.85340168211013,-37.43392831198949,80,90,90,90
954,-36.776554260738436,-37.428888942934265,240,270,90,270
955,-36.769782283409086,-37.42414863275212,190,220,120,240
956,-36.70328471454533,-37.37737846240793,320,350,300,30
957,-36.858844587114135,-37.433911264259734,140,100,150,30
958,-36.84480263260926,-37.43393033014425,70,90,90,90
959,-36.713989076775306,-37.43382500960203,10,0,90,90
960,-36.78246845180402,-37.43393784880081,100,340,90,90
961,-36.735412881733424,-37.377392680531045,280,0,300,30
962,-36.734824313714626,-37.75873649350697,20,310,30,360
963,-36.8201336237459,-37.428887068102085,120,220,150,210
964,-36.84269432782622,-37.37744373829372,340,70,300,30
965,-36.80332348817757,-37.81720541030995,90,160,30,180
966,-36.86318619253498,-37.377255712789434,290,40,300,30
967,-36.737263178253954,-37.38018061710207,260,180,300,240
968,-36.86708300092931,-37.43393650492985,80,70,90,90
969,-36.80762323115215,-37.428889908504345,120,300,90,270
970,-36.87746073946582,-37.377438101121015,320,70,300,60
971,-36.79825494225449,-37.81720983062024,120,150,30,180
972,-36.827838789992086,-37.42865538125258,110,250,120,270
973,-36.793883428857214,-37.4285523960647,60,270,120,270
974,-36.733847082796814,-37.43393648190727,250,120,150,30
975,-36.77655812662633,-37.42888872192458,40,220,90,270
976,-36.79405703262586,-37.428887660367565,50,200,150,210
977,-36.83504374987791,-37.377382118416136,290,30,300,30
978,-36.78002191580961,-37.8172084063992,150,330,210,360
979,-36.75749596830488,-37.43393594385677,40,0,90,90
980,-36.80186747605924,-37.428889102904094,110,170,90,270
981,-36.70859198462722,-37.38462520908914,270,320,300,270
982,-36.802996439851825,-37.42888476180218,70,260,90,270
983,-36.740396893109306,-37.43393464035981,350,130,150,30
984,-36.8740692527991,-37.37744076916556,280,50,300,30
985,-36.75523439453585,-37.42825461957668,250,110,120,60
986,-36.74432658064279,-37.43386449034878,0,20,90,90
987,-36.74502107221315,-37.4339345889195,220,10,150,30
988,-36.87521057092522,-37.433936581035624,140,60,150,30
989,-36.82398288153638,-37.42865818965461,100,260,120,270
990,-36.7751642293488,-37.758733160803274,180,160,210,180
991,-36.828490391373776,-37.43393364009316,110,120,90,90
992,-36.8509972542015,-37.377419025010425,270,80,300,60
993,-36.7352186896496,-37.428887517574054,220,310,150,210
994,-36.761572018837626,-37.42888908794848,210,240,90,270
995,-36.81289955915108,-37.42888511316829,170,270,90,270
996,-36.723764594003114,-37.43392670412098,0,10,90,90
997,-36.81241956228985,-37.428884700157795,80,180,150,210
998,-36.69553847900485,-37.433892561106035,0,350,90,90
999,-36.7724205744901,-37.42884954626669,240,220,90,270
1000,-36.79652845595368,-37.433884182435634,230,80,150,30
1001,-36.75218258964986,-37.433935956635736,210,10,150,30
1002,-36.75947312102687,-37.38459705327281,310,180,300,210
1003,-36.76670454891061,-37.4288870122013,200,240,90,270
1004,-36.803674995705705,-37.4281698834217,10,80,120,60
1005,-36.71674458258306,-37.43393424686454,250,130,150,30
1006,-36.752954172236855,-37.42888878672804,20,180,150,210
1007,-36.79246187769985,-37.428730047937165,160,210,150,210
1008,-36.747251881760974,-37.38462496383133,330,180,300,210
1009,-36.863896117770196,-37.37742309987158,300,40,300,30
1010,-36.81258978219179,-37.43393453593035,0,70,90,90
1011,-36.79938064109248,-37.42877026155591,150,210,150,210
1012,-36.83616312603593,-37.43393123084854,160,110,150,30
1013,-36.72466358065378,-37.37742020885173,290,140,300,60
1014,-36.7945955144948,-37.81720434268857,60,160,30,180
1015,-36.79809338420503,-37.433934909563135,200,40,150,30
1016,-36.789890332897755,-37.42882122423873,160,200,150,210
1017,-36.810002570931886,-37.43393364075075,240,50,150,30
1018,-36.801201380564265,-37.42888357711408,140,200,150,210
1019,-36.8416204075053,-37.43393778341755,150,110,150,30
1020,-36.816349301040106,-37.428883505598805,90,270,90,270
1021,-36.75765221831506,-37.42887880970562,210,300,90,270
1022,-36.86077069995423,-37.43389346661738,90,90,90,90
1023,-36.81246254381571,-37.43393743156389,240,70,150,30
1024,-36.79444265174314,-37.37744194944062,350,100,300,30
1025,-36.8462663309337,-37.38458052846252,310,270,300,270
1026,-36.84598051157124,-37.43375995208649,150,40,150,30
1027,-36.79308807419423,-37.25983516473494,130,160,120,150
1028,-36.83552879161539,-37.433935297311535,90,110,90,90
1029,-36.71833554043354,-37.38462381948696,280,160,300,210
1030,-36.76087697156788,-37.42887776311116,20,230,90,270
1031,-36.882628734644186,-37.38016875472272,300,240,300,240
1032,-36.80995773641533,-37.428860905922534,80,270,90,270
1033,-36.781639085123004,-37.81720982161099,130,330,210,360
1034,-36.69621541769288,-37.42888924704377,260,330,90,270
1035,-36.78532953577553,-37.43393768405596,150,0,150,30
1036,-36.801238299459044,-37.37743473358182,300,110,300,60
1037,-36.755304285527785,-37.42889046715325,10,200,90,270
1038,-36.70710777261681,-37.81720673614967,240,320,210,360
1039,-36.7884388717992,-37.43392597743704,40,120,90,90
1040,-36.738373421676414,-37.75872802797019,30,320,30,360
1041,-36.85275449244048,-37.433924491830595,100,30,90,90
1042,-36.826713055108854,-37.3846121849254,260,250,300,270
1043,-36.864845405810655,-37.43392812990322,150,90,150,30
1044,-36.75576440598553,-37.42888967858937,220,220,90,270
1045,-36.79939781807312,-37.37744394973933,250,90,300,60
1046,-36.74821050454602,-37.377438565800986,270,120,300,60
1047,-36.75963707494262,-37.428887177966516,10,210,90,270
1048,-36.76557437263733,-37.37743962428581,330,120,300,60
1049,-36.82094615571535,-37.42889115691122,160,280,150,210
1050,-36.80556309562846,-37.81720951346645,100,140,30,180
1051,-36.85743866492274,-37.37734614412133,310,40,300,30
1052,-36.78045771057353,-37.43393678657384,30,30,90,90
1053,-36.83794590367552,-37.43354568469695,140,30,150,30
1054,-36.83019014546622,-37.43380190746757,80,110,90,90
1055,-36.849918440105995,-37.38462120766715,320,260,300,270
1056,-36.793935869808024,-37.43392795713811,70,0,90,90
1057,-36.823885081425374,-37.43375653894395,70,110,90,90
1058,-36.7849824656663,-37.428312331290954,60,0,120,60
1059,-36.71791512258281,-37.384583985404646,240,170,300,270
1060,-36.74083176002736,-37.38462800537354,340,180,300,210
1061,-36.80374223971211,-37.42888993098731,160,240,90,270
1062,-36.764954854847645,-37.81720027872814,190,320,210,360
1063,-36.791204656693935,-37.43393478158677,210,40,150,30
1064,-36.774865381888986,-37.42888237493494,40,270,90,270
1065,-36.75341852480585,-37.42889063703669,20,290,150,210
1066,-36.71470916327587,-37.75873170615603,230,150,210,180
1067,-36.72625217419488,-37.384605855090655,330,310,300,270
1068,-36.8204100589098,-37.428537344047896,90,220,150,210
1069,-36.824184415359724,-37.42466884164506,100,240,120,240
1070,-36.745406994327794,-37.384627253544096,270,180,300,210
1071,-36.8313068418573,-37.3773496997365,310,100,300,60
1072,-36.80126089992365,-37.428879811769434,100,300,90,270
1073,-36.8773735039168,-37.37744378812312,290,80,300,60
1074,-36.73796746172917,-37.38455657073419,290,310,300,270
1075,-36.79723522756524,-37.424144549378894,120,310,120,240
1076,-36.7534979989359,-37.42888913424915,210,200,90,270
1077,-36.81394993460347,-37.43393068521411,170,30,150,30
1078,-36.789771233621536,-37.43393655588628,20,100,90,90
1079,-36.79805278960123,-37.38462342712302,340,270,300,270
1080,-36.80322318437834,-37.8171998138703,80,140,30,180
1081,-36.71930095116875,-37.42888850624979,0,310,150,210
1082,-36.764336723972036,-37.43393284440759,10,30,90,90
1083,-36.73114015153507,-37.377419442439106,340,10,300,30
1084,-36.70482449921951,-37.75873767695586,10,330,30,360
1085,-36.8595270835269,-37.375101768528566,270,50,300,60
1086,-36.85762911315015,-37.433925545763856,70,60,90,90
1087,-36.88392788300834,-37.42825017470048,120,60,120,60
1088,-36.734477539572026,-37.42888927592688,0,300,150,210
1089,-36.79492604994442,-37.433846267683435,210,90,150,30
1090,-36.760679249297,-37.433936701384795,10,120,90,90
1091,-36.79608699875493,-37.42887553461793,70,290,90,270
1092,-36.784774490852186,-37.43393652645952,230,90,150,30
1093,-36.701449279598336,-37.43389775282691,10,340,150,30
1094,-36.76201892961885,-37.428887399637716,220,240,150,210
1095,-36.79149866907508,-37.427638828996436,190,270,120,240
1096,-36.72627468832164,-37.377441783994186,260,0,300,60
1097,-36.799212324035665,-37.8171937105117,110,160,30,180
1098,-36.867551121237,-37.43393564398983,150,60,150,30
1099,-36.87682044318706,-37.377435262024164,320,60,300,30
1100,-36.79845427983449,-37.433936964143726,200,100,150,30
1101,-36.81308350189582,-37.38427024980646,340,230,300,210
1102,-36.770790270084944,-37.42887319440561,200,300,90,270
1103,-36.76902412748581,-37.433935908527246,170,350,150,30
1104,-36.85155021724438,-37.43393558462904,170,80,150,30
1105,-36.8481962887833,-37.43393479834779,160,100,150,30
1106,-36.810689791272154,-37.37734688578843,340,40,300,30
1107,-36.7693416464991,-37.42888241938451,210,260,150,210
1108,-36.82814417610308,-37.42888878489117,120,250,90,270
1109,-36.74657795171089,-37.81720993763133,20,160,30,180
1110,-36.86677666187876,-37.38460871049983,280,250,300,270
1111,-36.71745788247242,-37.81720196619182,220,340,210,360
1112,-36.880578107494784,-37.43393661392594,130,80,90,90
1113,-36.775352099499855,-37.42885122088333,190,240,90,270
1114,-36.765169156530845,-37.428887009563084,220,250,90,270
1115,-36.746679468957495,-37.37740561984799,320,130,300,60
1116,-36.83542692355408,-37.433935282864894,180,60,150,30
1117,-36.801854804426085,-37.384555431048966,320,200,300,210
1118,-36.804144980714256,-37.42419155812675,70,240,120,240
1119,-36.81611207066493,-37.42865913828473,130,220,150,210
1120,-36.78088870537982,-37.42889133638721,200,280,90,270
1121,-36.8225649051403,-37.38461186526922,310,280,300,270
1122,-36.765840542511825,-37.42414751370086,40,300,120,240
1123,-36.72310484234555,-37.42888641606399,230,170,150,210
1124,-36.80739742357906,-37.38462275312938,260,270,300,270
1125,-36.75420199251056,-37.384622701897655,320,180,300,210
1126,-36.876054416458175,-37.38047494069656,300,230,300,240
1127,-36.88455907895431,-37.37738107951739,300,50,300,30
1128,-36.8267607810852,-37.38462436317033,260,240,300,270
1129,-36.77593074638469,-37.37743467172493,350,110,300,30
1130,-36.805084897654694,-37.43393596974789,70,130,90,90
1131,-36.80229707209048,-37.4339201829184,100,0,90,90
1132,-36.76493713406933,-37.428877982866254,10,250,150,210
1133,-36.76127443181218,-37.42877091763765,20,210,120,270
1134,-36.76852570811789,-37.42888979717492,230,270,150,210
1135,-36.81568799207605,-37.42826125252088,110,200,150,210
1136,-36.7307418112797,-37.37744332177439,310,0,300,30
1137,-36.8365730720422,-37.37733927386469,340,80,300,30
1138,-36.78374145958762,-37.42872160693801,170,200,150,210
1139,-36.71286140626859,-37.384626351886794,270,160,300,210
1140,-36.76775221378449,-37.37739444805757,290,10,300,30
1141,-36.77553650207787,-37.817200803142555,40,140,30,180
1142,-36.706493154870714,-37.75873777308499,240,150,210,180
1143,-36.73037883831293,-37.433935872610874,30,340,150,30
1144,-36.753079973585244,-37.42416083881949,240,200,120,240
1145,-36.75525888634235,-37.428885201847066,200,170,150,210
1146,-36.73890388294507,-37.38439083106988,310,170,330,210
1147,-36.785212038254116,-37.42832982973496,170,210,150,210
1148,-36.834448968535895,-37.43393612872279,60,40,90,90
1149,-36.77445530091242,-37.424441627970026,40,280,120,240
1150,-36.78090973194148,-37.42888633139876,190,250,90,270
1151,-36.76610349178608,-37.37741741191559,290,120,300,60
1152,-36.692929877839504,-37.38462521354839,330,330,300,270
1153,-36.75878006715189,-37.42867562409228,220,230,120,270
1154,-36.79366481053452,-37.42888931961764,130,170,150,210
1155,-36.70152408956011,-37.377443661763095,280,340,300,30
1156,-36.74096102454283,-37.75873185520601,210,160,210,180
1157,-36.804260796278186,-37.37741415511951,340,100,300,30
1158,-36.794957298128054,-37.42889011962055,180,300,90,270
1159,-36.82317035424043,-37.42468341185861,100,230,120,240
1160,-36.72309678893066,-37.38461630697421,290,160,300,210
1161,-36.83321485185331,-37.37744316925318,260,80,300,60
1162,-36.7531400399962,-37.8172033985426,190,340,210,360
1163,-36.84534165396522,-37.43392879039334,60,60,90,90
1164,-36.753440643237525,-37.38459388965947,280,180,300,210
1165,-36.782463305199684,-37.37744408369815,340,110,300,30
1166,-36.842717964297776,-37.375300668681376,270,40,300,60
1167,-36.82017076846236,-37.42888487357553,90,200,150,210
1168,-36.776123112904685,-37.42888561352356,0,240,150,210
1169,-36.77351924332493,-37.42888031541477,0,260,150,210
1170,-36.72321156238473,-37.377395227727305,320,0,300,30
1171,-36.77378090575638,-37.43393449851396,160,350,150,30
1172,-36.76201481651444,-37.42888941349591,20,260,150,210
1173,-36.797717908055034,-37.424188060029365,120,170,120,240
1174,-36.77945040694087,-37.433937816784805,210,30,150,30
1175,-36.803881915380344,-37.43393416390174,20,80,90,90
1176,-36.77015931868206,-37.43393337972341,190,10,150,30
1177,-36.806497299168456,-37.4288678589331,130,200,150,210
1178,-36.86806063427079,-37.38068847926857,280,240,300,240
1179,-36.85849442186327,-37.38462347453856,290,220,300,210
1180,-36.797434833120946,-37.43393219094787,40,110,90,90
1181,-36.70242999642491,-37.38462479192057,340,320,300,210
1182,-36.72533079121803,-37.42889098851063,230,310,90,270
1183,-36.779597291231454,-37.433936249756954,130,340,90,90
1184,-36.804503218451174,-37.424256343012644,180,280,120,240
1185,-36.764777066866,-37.37723275171396,280,10,300,30
1186,-36.793516210947786,-37.384568046525715,350,250,300,210
1187,-36.80176957766491,-37.43393634218174,220,60,90,90
1188,-36.816328367541445,-37.43393307110844,60,110,90,90
1189,-36.78338665014712,-37.75873529668084,70,310,30,360
1190,-36.78249735309092,-37.424169211919235,50,250,120,240
1191,-36.79460323374002,-37.75873497422356,140,150,210,180
1192,-36.815031053106026,-37.384620030349964,300,200,300,210
1193,-36.73533811723564,-37.35244828236716,240,300,240,270
1194,-36.78102549450608,-37.75874080850241,100,330,30,360
1195,-36.82673006443122,-37.43392314597631,130,20,150,30
1196,-36.836002315797884,-37.43386396333747,100,20,90,90
1197,-36.8137367319477,-37.424576858712896,70,200,120,240
1198,-36.80585404135894,-37.4287623644465,140,210,150,210
1199,-36.807386703371606,-37.43393577372967,50,110,90,90
1200,-36.73253248917439,-37.43393475137606,210,350,150,30
1201,-36.752968203332046,-37.43358665396502,30,10,120,60
1202,-36.80133194117602,-37.43393691588696,220,70,90,90
1203,-36.809177218368546,-37.433932251457065,130,10,150,30
1204,-36.80561342247512,-37.43393602359137,40,40,90,90
1205,-36.7869213985893,-37.42888350770224,190,260,90,270
1206,-36.71845252172133,-37.43393408845955,240,130,150,30
1207,-36.791860911489664,-37.42888462740541,50,180,150,210
1208,-36.82542605534135,-37.43393758244923,190,80,150,30
1209,-36.759357629788326,-37.75873608424834,50,330,30,360
1210,-36.74889499929563,-37.43390782895645,10,130,90,90
1211,-36.76260200683913,-37.43392976065431,180,350,150,30
1212,-36.76134033721755,-37.42887109588963,20,250,150,210
1213,-36.87404767675477,-37.38462769649354,310,250,300,270
1214,-36.785517795111105,-37.75873909462075,160,160,210,180
1215,-36.8208346176834,-37.380135409427254,260,230,300,240
1216,-36.804435845629456,-37.384614202800634,250,250,300,270
1217,-36.84451244890954,-37.433936259920614,80,30,90,90
1218,-36.789942646684864,-37.428775765339424,90,310,90,270
1219,-36.8137879745812,-37.43392565883704,120,10,150,30
1220,-36.775106245368164,-37.817206126801835,180,320,210,360
1221,-36.79798734114988,-37.4339375935655,120,0,150,30
1222,-36.710857505199584,-37.38462240286873,320,320,300,270
1223,-36.80945715503847,-37.433937739849,30,80,90,90
1224,-36.79990896369955,-37.81720546720251,70,140,30,180
1225,-36.777478021176336,-37.42888067333149,180,210,150,210
1226,-36.76554575633435,-37.428886459567906,210,250,90,270
1227,-36.732510512656376,-37.3846221229029,280,170,300,210
1228,-36.778193526215546,-37.384618596896814,280,190,300,210
1229,-36.80183159520752,-37.81720750246777,100,160,30,180
1230,-36.82270355003308,-37.43391458811675,160,120,150,30
1231,-36.86158342421649,-37.38453358165927,300,220,300,210
1232,-36.827132453120925,-37.433933693095895,150,120,150,30
1233,-36.69064272603978,-37.758738218606254,350,330,30,360
1234,-36.86670952973884,-37.43377091388476,140,50,150,30
1235,-36.8035181543961,-37.433934398226484,170,130,90,90
1236,-36.80209916582024,-37.81720509902857,90,150,30,180
1237,-36.818221384701815,-37.37510356083641,270,30,300,60
1238,-36.70292624193104,-37.37743904899804,290,340,300,30
1239,-36.803765160208,-37.384526341913016,270,280,300,270
1240,-36.82493935560984,-37.42888887239093,150,270,90,270
1241,-36.759531082339834,-37.428889675709826,200,190,90,270
1242,-36.82054217100216,-37.43393241024856,140,20,150,30
1243,-36.72790541925528,-37.75873946472154,220,160,210,180
1244,-36.780904545746864,-37.42888862862512,180,230,90,270
1245,-36.778607195023795,-37.37740432052624,260,20,300,60
1246,-36.82189024342367,-37.428890828447464,140,250,90,270
1247,-36.88171227948743,-37.43393512566823,120,80,90,90
1248,-36.79193104124613,-37.428687444681344,150,190,150,210
1249,-36.82985075801693,-37.43393761393676,80,20,90,90
1250,-36.77924674781411,-37.4288780528465,240,230,90,270
1251,-36.8140046413358,-37.43393645736228,100,130,90,90
1252,-36.794577255184066,-37.43377597725703,40,30,90,90
1253,-36.780819061689584,-37.43393677204145,10,40,90,90
1254,-36.76157892899164,-37.428886993248625,230,280,90,270
1255,-36.74495533046459,-37.4288872453792,20,300,150,210
1256,-36.76430676642903,-37.428738174860314,10,260,150,210
1257,-36.768046262142434,-37.4339284337739,20,120,90,90
1258,-36.76328994024914,-37.380090734814274,340,290,300,240
1259,-36.801229788018105,-37.2335524366182,150,140,150,150
1260,-36.78981066442151,-37.37744414074723,260,100,300,60
1261,-36.77482975335039,-37.42888883726263,180,180,150,210
1262,-36.76926855959903,-37.42887925180969,30,200,150,210
1263,-36.78372142046982,-37.42886688556379,240,240,90,270
1264,-36.79386719544334,-37.42831674379957,10,50,120,60
1265,-36.804061249538535,-37.23181050480113,130,140,150,150
1266,-36.75887456322596,-37.433927716604245,230,20,150,30
1267,-36.786798473001056,-37.81720626365012,160,320,210,360
1268,-36.70128412905666,-37.384624334195365,310,330,300,270
1269,-36.779575196446075,-37.42889055822607,40,210,90,270
1270,-36.79196929728175,-37.42888216978753,50,210,150,210
1271,-36.77510333481871,-37.43383715305768,170,0,150,30
1272,-36.768560616899265,-37.42888688801,30,210,90,270
1273,-36.73944874682766,-37.384561758634476,300,310,300,270
1274,-36.802442511207886,-37.428802927433765,70,270,90,270
1275,-36.7325143522871,-37.384616947280165,320,310,300,270
1276,-36.801463473662665,-37.377443325490475,330,30,300,30
1277,-36.7906835368739,-37.43393778307174,230,40,150,30
1278,-36.79275835754132,-37.75873852750729,150,150,210,180
1279,-36.78393965253798,-37.428882534738534,50,280,90,270
1280,-36.788591092680605,-37.43393482580208,110,350,150,30
1281,-36.86376435646997,-37.377437892667785,270,70,300,60
1282,-36.71771537648701,-37.43393587316737,20,350,150,30
1283,-36.75991620270261,-37.25997979717641,200,140,120,150
1284,-36.85248235079655,-37.43393248055446,70,80,90,90
1285,-36.80081930978105,-37.43393517120279,110,0,150,30
1286,-36.814126347796844,-37.42888922158346,170,280,150,210
1287,-36.706004083863206,-37.34004812771414,250,350,240,90
1288,-36.75143961000816,-37.37741765513559,320,10,300,30
1289,-36.761718063378964,-37.43392196255553,210,120,150,30
1290,-36.81416323453098,-37.42889109354397,140,230,150,210
1291,-36.83505573222189,-37.4339342794884,60,90,90,90
1292,-36.78469467212989,-37.38453544434054,310,190,300,210
1293,-36.72186595028364,-37.3846213852851,300,150,300,210
1294,-36.74124910839191,-37.35264422422463,240,190,240,270
1295,-36.81090248608885,-37.42888340981054,170,290,90,270
