,Unnamed: 0,aa,method,attempt,num,pe
0,1365,ala,ga,16,3,-8808.9763021
1,1051,ala,ga,16,5,-8809.22741965
2,1477,ala,es,34,8,-8809.18726925
3,1668,ala,es,17,7,-8809.02995207
4,1049,ala,ga,0,4,-8809.1831685
5,1478,ala,es,13,2,-8809.02995207
6,540,ala,ga,23,12,-8808.9495397
7,1046,ala,ga,0,13,-8808.82833474
8,543,ala,ga,11,24,-8809.24896835
9,1045,ala,es,46,0,-8809.02559552
10,545,ala,ga,33,4,-8808.9559888
11,1885,ala,ga,13,5,-8808.94413824
12,1042,ala,ga,22,17,-8809.2161487
13,1664,ala,ga,33,15,-8809.21224658
14,1663,ala,es,47,5,-8809.18433042
15,552,ala,es,2,0,-8809.14518956
16,1040,ala,ga,40,8,-8808.95935485
17,1482,ala,ga,32,5,-8809.18950603
18,555,ala,ga,29,9,-8809.08789055
19,1661,ala,es,32,0,-8809.17503501
20,1926,ala,ga,21,0,-8809.2176943
21,1054,ala,es,14,5,-8809.19249384
22,1474,ala,es,41,5,-8809.14578549
23,1056,ala,ga,42,7,-8808.93644558
24,505,ala,ga,33,6,-8809.02602274
25,1922,ala,ga,14,4,-8808.93762927
26,1465,ala,ga,1,11,-8809.19269248
27,1466,ala,es,49,4,-8809.1858461
28,510,ala,es,5,8,-8809.18544609
29,1467,ala,ga,22,19,-8809.14388614
30,1067,ala,es,34,6,-8808.94341169
31,513,ala,es,22,3,-8809.19385169
32,1470,ala,es,11,2,-8809.22262773
33,557,ala,ga,25,7,-8809.18782708
34,518,ala,es,22,2,-8808.97984502
35,1987,ala,es,26,9,-8809.08484832
36,521,ala,es,48,8,-8809.24976292
37,1986,ala,es,6,2,-8809.1443188
38,523,ala,es,47,8,-8809.19919056
39,524,ala,ga,19,1,-8809.19328297
40,1923,ala,es,15,4,-8809.21030641
41,1059,ala,ga,22,21,-8809.2260999
42,528,ala,ga,34,5,-8809.18482567
43,1473,ala,ga,36,21,-8809.00070255
44,519,ala,ga,33,13,-8808.81210043
45,1036,ala,es,47,22,-8809.1709016
46,1658,ala,es,7,7,-8808.96684342
47,562,ala,es,13,6,-8808.96118617
48,1016,ala,es,5,6,-8809.2167419
49,599,ala,es,1,7,-8809.21714191
50,600,ala,ga,20,5,-8809.17048527
51,1014,ala,es,24,2,-8809.16610424
52,1491,ala,es,42,7,-8809.08272855
53,1931,ala,es,30,3,-8809.1849073
54,605,ala,ga,35,6,-8809.18904343
55,1975,ala,es,31,1,-8809.22485634
56,1865,ala,es,30,11,-8809.00108351
57,596,ala,ga,23,1,-8809.19722318
58,1010,ala,ga,37,6,-8809.18160928
59,610,ala,ga,31,11,-8809.19286663
60,1642,ala,ga,16,0,-8809.21412961
61,1641,ala,ga,11,9,-8809.14480044
62,1932,ala,es,40,1,-8809.19356597
63,1007,ala,es,20,4,-8809.18456444
64,1006,ala,es,13,1,-8809.09577913
65,616,ala,ga,26,2,-8808.93016247
66,617,ala,es,5,2,-8809.18916044
67,1492,ala,es,47,31,-8809.16865122
68,1009,ala,ga,11,22,-8809.2261897
69,504,ala,ga,16,4,-8809.09083482
70,595,ala,ga,14,2,-8809.19199587
71,1017,ala,ga,42,6,-8809.166692
72,1034,ala,ga,15,8,-8808.9324836
73,1487,ala,es,25,9,-8809.18376442
74,568,ala,es,47,16,-8809.19238227
75,569,ala,es,18,4,-8809.16181844
76,571,ala,es,33,4,-8809.19203941
77,1656,ala,es,14,8,-8809.17075738
78,1882,ala,es,39,3,-8808.94444573
79,576,ala,es,1,4,-8809.09390971
80,1655,ala,es,30,4,-8809.213433
81,594,ala,es,33,3,-8809.13820712
82,1025,ala,ga,16,7,-8809.21303843
83,583,ala,es,19,1,-8809.0775475
84,584,ala,es,47,1,-8809.19499184
85,585,ala,ga,22,0,-8809.1968395
86,586,ala,es,17,5,-8809.21532691
87,1650,ala,es,46,6,-8809.07886181
88,589,ala,ga,27,11,-8809.01908112
89,1019,ala,ga,14,0,-8809.2062628
90,591,ala,es,11,4,-8809.22069844
91,1018,ala,es,49,3,-8808.95423366
92,1928,ala,es,47,0,-8809.1124461
93,1004,ala,es,24,4,-8809.19569118
94,1675,ala,ga,34,4,-8808.921297
95,1074,ala,es,13,13,-8808.93606462
96,1995,ala,ga,36,12,-8809.1687002
97,414,ala,es,2,16,-8809.02842006
98,1121,ala,ga,10,7,-8809.19115232
99,1120,ala,ga,22,2,-8809.24582271
100,1119,ala,es,4,0,-8809.19575376
101,1117,ala,es,35,4,-8809.19034958
102,1705,ala,ga,37,0,-8809.25174391
103,1116,ala,es,5,0,-8809.25167588
104,1115,ala,ga,17,3,-8809.14398954
105,424,ala,ga,22,16,-8809.02934797
106,425,ala,es,35,3,-8808.96936319
107,1859,ala,ga,20,9,-8809.10168128
108,427,ala,ga,31,1,-8809.22481008
109,1112,ala,es,1,1,-8809.01648787
110,430,ala,ga,38,7,-8809.21421124
111,431,ala,es,34,1,-8809.21594189
112,1701,ala,ga,26,3,-8809.22003448
113,1992,ala,ga,18,0,-8808.75287213
114,1860,ala,es,34,7,-8809.19474694
115,1122,ala,es,2,2,-8809.17068663
116,1707,ala,ga,45,2,-8809.09164572
117,1124,ala,es,47,23,-8809.21402621
118,1708,ala,es,3,0,-8809.03153305
119,1144,ala,es,26,5,-8808.97128432
120,383,ala,ga,22,27,-8808.93398839
121,1143,ala,es,1,6,-8809.21547657
122,1718,ala,es,2,12,-8809.14249292
123,1447,ala,es,41,2,-8809.02720916
124,387,ala,es,5,1,-8809.21577318
125,1140,ala,es,47,18,-8808.93447548
126,1139,ala,es,11,1,-8808.97138772
127,1138,ala,es,14,11,-8809.19311154
128,1699,ala,es,37,4,-8808.99111598
129,392,ala,es,37,1,-8809.10771404
130,1137,ala,es,4,9,-8809.02845544
131,1136,ala,es,31,0,-8808.93008084
132,399,ala,es,10,2,-8809.2141024
133,1710,ala,es,7,1,-8808.97239998
134,402,ala,es,37,0,-8809.18846655
135,1131,ala,ga,2,2,-8809.13711867
136,1130,ala,ga,17,8,-8808.96911285
137,1127,ala,ga,39,1,-8808.93175434
138,407,ala,es,26,6,-8809.16520354
139,393,ala,es,8,4,-8808.91988201
140,1879,ala,ga,32,2,-8809.10136018
141,1698,ala,es,9,5,-8808.85601144
142,1109,ala,es,11,0,-8809.19434965
143,1091,ala,ga,24,9,-8809.14576917
144,1090,ala,ga,10,16,-8808.95465
145,1680,ala,ga,15,2,-8808.92060855
146,478,ala,ga,3,2,-8809.17592482
147,1678,ala,es,40,0,-8809.16283887
148,481,ala,ga,13,2,-8809.02855612
149,483,ala,es,33,1,-8809.04202032
150,484,ala,ga,22,11,-8808.93485099
151,1887,ala,ga,28,0,-8809.19576465
152,1093,ala,es,8,3,-8809.21560991
153,1460,ala,es,29,5,-8809.25081872
154,1677,ala,es,2,13,-8808.96609511
155,1079,ala,es,29,8,-8809.11833193
156,1078,ala,ga,38,3,-8809.09413556
157,494,ala,ga,30,4,-8809.18994685
158,495,ala,ga,36,5,-8809.00061819
159,1463,ala,ga,39,16,-8809.22697066
160,497,ala,es,28,9,-8809.18399844
161,1076,ala,ga,30,3,-8809.13223967
162,1075,ala,ga,36,23,-8809.08578439
163,489,ala,ga,44,7,-8809.24257367
164,502,ala,es,44,2,-8809.15203595
165,470,ala,es,34,4,-8808.86250952
166,1685,ala,es,7,9,-8809.02977247
167,441,ala,es,37,3,-8808.95332752
168,1697,ala,es,28,5,-8809.19387618
169,1695,ala,es,48,0,-8809.19226254
170,1991,ala,ga,40,9,-8808.92604811
171,1106,ala,es,23,0,-8809.18791144
172,1105,ala,es,10,6,-8809.07448622
173,449,ala,es,15,2,-8809.21389831
174,1691,ala,es,34,0,-8808.99423168
175,451,ala,es,8,7,-8809.24245666
176,1095,ala,es,7,2,-8809.14857738
177,1103,ala,es,48,2,-8809.0003107
178,1690,ala,ga,22,15,-8808.96570598
179,458,ala,ga,10,20,-8809.22382231
180,459,ala,es,26,1,-8809.21878276
181,1099,ala,es,23,7,-8809.16838455
182,461,ala,ga,43,1,-8809.16527701
183,1689,ala,es,3,4,-8809.18436308
184,463,ala,ga,19,8,-8809.14642496
185,1454,ala,ga,10,6,-8808.9715265
186,465,ala,ga,35,10,-8809.18209092
187,454,ala,ga,22,9,-8808.93263054
188,1719,ala,ga,1,6,-8809.21968345
189,1003,ala,ga,2,7,-8808.96565972
190,1638,ala,ga,46,4,-8808.94040756
191,779,ala,es,34,2,-8809.02557103
192,781,ala,ga,11,21,-8809.21082887
193,782,ala,ga,18,8,-8808.83143956
194,1572,ala,ga,17,5,-8809.18701346
195,919,ala,es,13,10,-8808.94404844
196,786,ala,es,2,10,-8808.97313197
197,1956,ala,es,28,3,-8809.10784738
198,788,ala,es,47,7,-8808.97286802
199,1518,ala,es,47,19,-8809.17124174
200,1941,ala,ga,3,1,-8808.92514469
201,793,ala,es,11,7,-8808.95417652
202,794,ala,es,16,4,-8809.07086166
203,795,ala,es,49,0,-8808.93292171
204,797,ala,es,10,11,-8808.97428573
205,799,ala,ga,38,11,-8808.9660815
206,1571,ala,es,1,0,-8808.92726446
207,911,ala,es,47,12,-8809.19400135
208,803,ala,ga,30,6,-8809.14210924
209,804,ala,es,47,2,-8809.13943436
210,778,ala,es,13,21,-8809.24254918
211,775,ala,ga,23,16,-8809.14801955
212,1517,ala,ga,27,16,-8808.96608694
213,924,ala,ga,10,15,-8809.19701909
214,1587,ala,ga,16,9,-8809.24892753
215,936,ala,ga,30,9,-8809.00079507
216,935,ala,ga,20,20,-8808.80918609
217,750,ala,es,5,4,-8808.94171915
218,751,ala,ga,34,7,-8808.94427157
219,1583,ala,es,9,0,-8808.96773595
220,930,ala,es,14,14,-8809.15136383
221,758,ala,ga,15,3,-8809.19359318
222,759,ala,ga,33,7,-8809.02108932
223,805,ala,ga,26,16,-8808.83469949
224,929,ala,es,1,2,-8809.16758181
225,1873,ala,es,27,5,-8809.18607467
226,1579,ala,ga,0,14,-8809.16947845
227,766,ala,ga,23,8,-8809.17757656
228,1578,ala,es,2,11,-8809.22382231
229,1577,ala,es,42,8,-8809.25131669
230,769,ala,es,24,8,-8808.92606988
231,770,ala,ga,22,13,-8808.97306394
232,1516,ala,ga,27,3,-8809.08484832
233,925,ala,ga,37,2,-8809.14006294
234,762,ala,es,22,7,-8809.25187452
235,909,ala,ga,10,4,-8809.08994229
236,907,ala,ga,42,4,-8808.97468846
237,1522,ala,es,47,3,-8808.96963803
238,1948,ala,ga,12,1,-8809.02560913
239,843,ala,ga,41,0,-8808.99112958
240,1530,ala,es,6,3,-8808.99372827
241,885,ala,es,14,3,-8808.96126236
242,1531,ala,ga,11,8,-8809.18493451
243,850,ala,es,40,8,-8809.07774614
244,1532,ala,ga,42,1,-8809.18546242
245,1875,ala,ga,18,2,-8808.972351
246,855,ala,ga,38,15,-8809.16247152
247,892,ala,ga,19,12,-8809.03128814
248,856,ala,ga,0,5,-8808.92205892
249,859,ala,es,4,3,-8809.17145944
250,1546,ala,es,13,18,-8809.19676058
251,876,ala,ga,25,6,-8809.19348433
252,863,ala,ga,28,1,-8809.08746877
253,1538,ala,es,44,3,-8809.14669707
254,1878,ala,es,22,10,-8809.07627129
255,867,ala,es,39,1,-8808.91655134
256,869,ala,ga,19,10,-8809.19639595
257,870,ala,es,14,1,-8809.07473929
258,879,ala,es,7,8,-8808.99622355
259,745,ala,ga,0,11,-8808.96314539
260,1942,ala,ga,28,5,-8809.21986577
261,1880,ala,ga,13,11,-8809.19339726
262,811,ala,es,9,1,-8809.22062225
263,812,ala,ga,3,7,-8809.18317122
264,1874,ala,es,24,10,-8808.86146461
265,814,ala,es,11,3,-8808.9255964
266,1523,ala,ga,38,17,-8809.22629854
267,816,ala,ga,14,6,-8809.18961759
268,1562,ala,es,13,15,-8809.19333739
269,1561,ala,ga,39,3,-8809.18863526
270,820,ala,es,2,1,-8809.18622433
271,836,ala,es,47,26,-8809.22570533
272,902,ala,es,7,0,-8808.80288665
273,900,ala,ga,23,13,-8809.18662434
274,1524,ala,es,30,7,-8808.92530252
275,828,ala,es,13,14,-8809.24943094
276,1555,ala,es,42,4,-8809.08766469
277,830,ala,es,10,0,-8809.191936
278,1525,ala,ga,29,4,-8809.18185963
279,1949,ala,ga,36,8,-8809.21391192
280,833,ala,es,10,3,-8809.19766128
281,834,ala,ga,14,11,-8809.16855598
282,901,ala,es,24,3,-8809.02893164
283,624,ala,ga,10,13,-8808.97352654
284,1511,ala,ga,40,10,-8808.94789341
285,742,ala,es,20,3,-8808.92486169
286,1933,ala,ga,12,5,-8808.95856299
287,990,ala,es,22,9,-8809.11066376
288,1969,ala,es,49,2,-8809.01377218
289,987,ala,ga,39,10,-8809.00108351
290,986,ala,es,34,3,-8809.21976509
291,985,ala,es,4,1,-8808.97868854
292,660,ala,ga,37,4,-8809.21418948
293,1625,ala,es,22,1,-8809.24994524
294,1624,ala,ga,0,12,-8808.93080466
295,1495,ala,es,10,1,-8808.9428457
296,982,ala,es,12,1,-8808.96473998
297,1868,ala,ga,23,11,-8809.0908702
298,978,ala,es,8,6,-8809.19677963
299,977,ala,es,46,4,-8809.16906211
300,672,ala,ga,11,2,-8808.93290266
301,976,ala,es,30,5,-8809.08588507
302,975,ala,ga,20,4,-8809.08359115
303,973,ala,es,2,3,-8809.14663721
304,678,ala,es,0,6,-8809.19048564
305,1970,ala,es,47,27,-8808.97416872
306,650,ala,ga,24,0,-8809.19772387
307,1629,ala,es,36,3,-8809.0314106
308,647,ala,ga,11,31,-8809.02834931
309,626,ala,ga,0,9,-8809.22057871
310,627,ala,es,15,3,-8809.18616175
311,628,ala,ga,23,4,-8809.22458695
312,999,ala,es,24,0,-8808.99186973
313,630,ala,ga,29,5,-8808.93433398
314,1636,ala,es,25,8,-8808.82742316
315,998,ala,es,11,6,-8809.16895871
316,633,ala,es,47,20,-8808.96441344
317,1972,ala,ga,33,1,-8809.2198957
318,1615,ala,es,30,6,-8809.0789761
319,1635,ala,ga,26,19,-8809.01525247
320,637,ala,ga,19,2,-8808.97143398
321,638,ala,ga,38,16,-8809.17948135
322,997,ala,ga,34,8,-8809.01593004
323,640,ala,es,36,0,-8808.93215979
324,1634,ala,es,2,14,-8809.19430612
325,996,ala,ga,33,18,-8809.22488355
326,1630,ala,es,4,8,-8809.14229427
327,1493,ala,es,22,4,-8808.99404392
328,993,ala,ga,35,12,-8809.1916013
329,636,ala,es,10,13,-8809.10443235
330,1498,ala,ga,35,1,-8808.99478407
331,1364,ala,es,25,3,-8808.79705253
332,969,ala,ga,12,2,-8809.24963231
333,1597,ala,es,33,0,-8808.86298028
334,718,ala,es,41,3,-8808.92403175
335,719,ala,es,46,3,-8809.1897727
336,721,ala,es,40,2,-8809.15310264
337,950,ala,ga,33,20,-8809.23975457
338,724,ala,ga,29,15,-8809.14096636
339,726,ala,es,15,6,-8809.22243453
340,1503,ala,es,25,4,-8808.99849298
341,947,ala,es,34,5,-8808.97258502
342,1501,ala,ga,20,10,-8809.19068156
343,946,ala,es,6,5,-8809.0577621
344,1504,ala,es,29,0,-8809.12984234
345,1961,ala,es,17,4,-8808.72939142
346,1590,ala,ga,40,5,-8809.1543979
347,1881,ala,es,44,0,-8809.22706862
348,735,ala,es,39,7,-8809.18256984
349,943,ala,ga,11,25,-8809.16040617
350,1510,ala,es,38,2,-8808.82059582
351,740,ala,ga,11,1,-8809.09198314
352,741,ala,ga,20,14,-8808.94278311
353,730,ala,es,3,3,-8809.12630214
354,743,ala,ga,27,8,-8809.02208253
355,955,ala,es,45,3,-8809.19844497
356,1935,ala,ga,38,4,-8809.0000277
357,685,ala,ga,23,7,-8809.18712503
358,1611,ala,ga,26,14,-8809.0208689
359,688,ala,es,13,20,-8808.97400273
360,966,ala,ga,26,10,-8809.21333504
361,965,ala,ga,25,0,-8809.19004481
362,691,ala,es,30,10,-8808.96828562
363,693,ala,ga,11,12,-8809.22003176
364,1608,ala,ga,29,13,-8809.17963918
365,695,ala,es,2,15,-8809.1830923
366,1871,ala,ga,29,12,-8809.17134515
367,696,ala,ga,20,17,-8808.95852218
368,700,ala,es,21,0,-8809.17544318
369,702,ala,es,13,22,-8809.2246196
370,1602,ala,es,30,9,-8808.97481635
371,959,ala,ga,29,10,-8808.956182
372,706,ala,es,27,2,-8809.15082504
373,708,ala,es,27,8,-8809.15289855
374,957,ala,ga,36,0,-8809.22325359
375,1963,ala,ga,0,6,-8809.12063945
376,711,ala,es,19,3,-8809.21841812
377,1606,ala,ga,35,17,-8809.22467674
378,379,ala,ga,23,10,-8808.97909943
379,436,ala,ga,33,8,-8809.11847343
380,1261,ala,ga,10,17,-8809.19865994
381,1275,ala,ga,31,0,-8809.02119544
382,1791,ala,ga,37,1,-8809.2124425
383,1909,ala,es,20,0,-8809.25039422
384,1789,ala,ga,10,8,-8809.18891282
385,1272,ala,ga,15,0,-8809.24746628
386,1271,ala,es,3,5,-8809.19361223
387,1786,ala,ga,11,29,-8808.76527508
388,163,ala,ga,26,7,-8808.97474561
389,1276,ala,ga,11,14,-8809.18725837
390,1785,ala,ga,37,10,-8809.16502394
391,1783,ala,ga,39,9,-8809.16942675
392,167,ala,es,40,4,-8809.19271425
393,169,ala,ga,28,3,-8809.17612891
394,2019,ala,es,12,8,-8809.09036406
395,1782,ala,ga,1,7,-8809.22728632
396,1781,ala,ga,17,7,-8809.19391155
397,2017,ala,es,26,4,-8809.19498096
398,175,ala,ga,32,6,-8809.18556854
399,1784,ala,ga,23,5,-8809.18406919
400,1400,ala,es,17,0,-8809.18916588
401,151,ala,es,41,0,-8809.1702322
402,2024,ala,ga,20,7,-8808.94350421
403,122,ala,es,0,5,-8809.21672558
404,1296,ala,es,38,3,-8809.16642261
405,1803,ala,ga,20,11,-8808.97362178
406,127,ala,ga,13,9,-8809.21519902
407,1801,ala,ga,18,3,-8809.16823217
408,1294,ala,es,2,17,-8809.25156159
409,1392,ala,ga,35,7,-8809.02743501
410,131,ala,es,22,12,-8809.21475819
411,1292,ala,ga,24,7,-8808.97113465
412,136,ala,ga,37,8,-8809.1840828
413,1395,ala,es,47,28,-8808.97682728
414,1286,ala,ga,39,2,-8809.09410835
415,1798,ala,ga,27,1,-8809.22619514
416,1283,ala,ga,35,11,-8809.0899314
417,144,ala,ga,38,5,-8809.22510124
418,145,ala,es,38,4,-8808.9401164
419,146,ala,ga,33,17,-8809.17071657
420,1282,ala,es,33,5,-8809.18587059
421,1908,ala,es,24,6,-8809.17107031
422,1402,ala,es,16,0,-8809.19486123
423,1266,ala,es,29,7,-8809.18796314
424,179,ala,es,17,14,-8808.94628794
425,1910,ala,ga,10,11,-8809.11508289
426,1770,ala,es,12,4,-8809.25092213
427,214,ala,ga,14,5,-8809.16543484
428,2014,ala,ga,32,0,-8808.92613246
429,216,ala,ga,35,0,-8808.92533245
430,217,ala,ga,31,6,-8809.22781422
431,218,ala,ga,20,6,-8808.9356238
432,1244,ala,ga,27,17,-8808.93470405
433,220,ala,es,22,11,-8809.13228592
434,1243,ala,es,8,1,-8809.25073981
435,1242,ala,ga,40,4,-8809.14247387
436,1239,ala,ga,0,2,-8808.99648206
437,1238,ala,es,47,13,-8809.24352063
438,1237,ala,ga,23,15,-8808.95813033
439,2012,ala,es,47,11,-8808.97141765
440,1236,ala,es,38,1,-8808.99741541
441,1767,ala,es,42,6,-8809.24254374
442,1893,ala,es,18,0,-8808.93453534
443,232,ala,ga,22,6,-8809.19864633
444,233,ala,ga,36,14,-8809.19309249
445,212,ala,ga,26,13,-8808.97640006
446,1300,ala,ga,28,6,-8808.85839244
447,1245,ala,es,47,30,-8808.99045202
448,209,ala,es,41,7,-8808.93395846
449,1264,ala,es,13,11,-8809.0908838
450,184,ala,es,29,6,-8808.92448073
451,185,ala,ga,34,0,-8808.97050063
452,1146,ala,es,17,1,-8809.0010699
453,1404,ala,es,22,6,-8809.0012495
454,188,ala,es,2,5,-8809.18736177
455,189,ala,es,17,11,-8808.95320507
456,191,ala,es,25,5,-8809.16737229
457,1256,ala,ga,28,2,-8809.19406666
458,195,ala,ga,33,5,-8809.09998601
459,196,ala,ga,22,23,-8809.19103531
460,197,ala,ga,26,1,-8808.92621138
461,1894,ala,ga,33,2,-8808.96057936
462,200,ala,ga,22,14,-8809.21938685
463,1251,ala,es,39,9,-8809.12514021
464,1410,ala,es,48,3,-8809.1873019
465,204,ala,es,6,1,-8809.19226798
466,1249,ala,ga,40,11,-8809.09642676
467,206,ala,ga,40,6,-8809.07860874
468,1246,ala,es,2,6,-8809.09979281
469,1766,ala,es,9,2,-8809.21405614
470,1808,ala,es,47,6,-8809.24516964
471,114,ala,es,2,4,-8809.19505987
472,1370,ala,ga,31,4,-8808.96828562
473,1832,ala,es,47,14,-8809.17590578
474,33,ala,ga,11,6,-8808.93784152
475,1344,ala,ga,18,4,-8809.14374464
476,1371,ala,ga,14,13,-8808.85777202
477,1342,ala,es,17,10,-8809.14618006
478,37,ala,ga,0,0,-8808.97359456
479,38,ala,es,23,6,-8809.10918618
480,1369,ala,es,39,0,-8809.2454227
481,39,ala,es,3,1,-8809.16837094
482,1829,ala,ga,27,9,-8809.02902416
483,44,ala,ga,22,25,-8808.97039995
484,2034,ala,es,30,8,-8809.17244993
485,1902,ala,es,20,1,-8808.99999777
486,48,ala,ga,27,4,-8809.00044676
487,49,ala,ga,32,1,-8809.19076319
488,50,ala,es,28,1,-8809.14236502
489,2033,ala,es,27,0,-8809.19614833
490,1848,ala,ga,28,4,-8809.19388434
491,1348,ala,ga,16,10,-8808.97811982
492,1349,ala,es,40,6,-8808.9350578
493,1367,ala,es,4,5,-8809.15707822
494,1844,ala,ga,20,12,-8809.21535684
495,1847,ala,es,15,8,-8809.1526482
496,5,ala,ga,14,12,-8808.97123534
497,6,ala,ga,12,8,-8808.92646716
498,1360,ala,es,29,3,-8809.13708601
499,9,ala,es,44,1,-8809.22677474
500,11,ala,es,14,12,-8809.1901074
501,12,ala,es,45,0,-8809.24158862
502,1358,ala,ga,11,20,-8809.22472028
503,1357,ala,es,47,10,-8809.14740185
504,1355,ala,ga,28,7,-8808.94461716
505,17,ala,ga,10,9,-8808.96404609
506,1840,ala,es,3,2,-8809.18966657
507,1354,ala,es,19,0,-8809.18199568
508,2037,ala,ga,26,9,-8809.00046037
509,1351,ala,ga,31,8,-8809.15455572
510,23,ala,ga,23,20,-8808.97858241
511,1837,ala,es,13,26,-8809.21297585
512,1836,ala,ga,14,3,-8809.16706752
513,1373,ala,es,36,4,-8808.9468104
514,53,ala,es,11,11,-8809.25130853
515,54,ala,ga,41,11,-8809.20441515
516,1335,ala,ga,11,28,-8809.0308582
517,1310,ala,ga,10,22,-8808.96000248
518,94,ala,es,41,1,-8809.21849976
519,95,ala,es,46,1,-8809.22682372
520,96,ala,ga,35,15,-8809.19402856
521,97,ala,es,14,6,-8809.1858461
522,98,ala,ga,15,1,-8809.05178104
523,99,ala,es,16,3,-8809.16985941
524,100,ala,es,26,7,-8808.97122445
525,102,ala,es,13,19,-8809.14654469
526,103,ala,ga,16,1,-8808.97330612
527,104,ala,es,0,7,-8808.96318621
528,1308,ala,es,6,4,-8808.9499778
529,106,ala,es,7,4,-8809.14715423
530,108,ala,es,13,24,-8809.02928267
531,109,ala,es,18,3,-8809.24281585
532,1809,ala,ga,14,7,-8809.1816501
533,1306,ala,ga,45,4,-8808.95692215
534,2027,ala,es,24,1,-8809.2461302
535,113,ala,ga,27,5,-8809.18754137
536,92,ala,es,42,1,-8809.18682843
537,1305,ala,es,12,2,-8808.8618891
538,91,ala,es,13,7,-8808.8635109
539,88,ala,es,4,6,-8809.18560936
540,1334,ala,ga,19,4,-8809.22626589
541,1333,ala,es,13,17,-8809.19802047
542,59,ala,ga,41,5,-8809.21317993
543,2031,ala,ga,12,4,-8809.24567033
544,1824,ala,es,6,0,-8809.18804478
545,1376,ala,es,16,5,-8809.09068788
546,1381,ala,es,47,24,-8808.96666654
547,1850,ala,es,8,5,-8809.21846438
548,73,ala,ga,36,22,-8809.21132412
549,1821,ala,ga,27,14,-8809.22034469
550,76,ala,es,33,6,-8809.17941332
551,1384,ala,es,9,3,-8808.95816843
552,1817,ala,ga,13,7,-8809.19356869
553,1385,ala,es,26,8,-8809.1967497
554,1315,ala,ga,3,3,-8808.80604318
555,1314,ala,ga,0,8,-8809.22061953
556,1815,ala,es,48,7,-8809.18201745
557,85,ala,es,47,15,-8808.94476682
558,1312,ala,ga,44,4,-8809.0793244
559,89,ala,es,39,6,-8809.19391155
560,235,ala,es,25,0,-8809.14638959
561,1540,ala,ga,38,9,-8809.19770482
562,1198,ala,es,25,2,-8809.09608118
563,284,ala,ga,1,8,-8808.99617729
564,1200,ala,es,0,9,-8808.9784137
565,355,ala,es,41,6,-8809.24631252
566,1161,ala,ga,39,6,-8809.14327116
567,358,ala,ga,26,20,-8809.01560078
568,1434,ala,ga,45,5,-8809.14733654
569,1205,ala,es,17,9,-8809.15655576
570,277,ala,ga,39,7,-8809.2468513
571,1208,ala,ga,13,10,-8809.02517919
572,274,ala,ga,16,8,-8808.99841135
573,1170,ala,ga,25,5,-8809.02950852
574,306,ala,es,9,4,-8808.97407893
575,1855,ala,es,17,8,-8808.97106935
576,273,ala,ga,34,6,-8809.1447433
577,1438,ala,es,31,3,-8808.97339592
578,1726,ala,ga,39,15,-8809.21715007
579,272,ala,ga,24,2,-8809.21944944
580,271,ala,ga,29,0,-8809.19055367
581,1428,ala,ga,15,7,-8808.85089026
582,1426,ala,ga,34,2,-8809.16722534
583,363,ala,es,31,2,-8809.18097526
584,1738,ala,ga,22,4,-8808.96906387
585,1755,ala,ga,43,3,-8809.12618241
586,1729,ala,ga,25,8,-8809.05586003
587,1175,ala,ga,29,6,-8809.14511337
588,1189,ala,es,14,7,-8809.17382138
589,1919,ala,es,0,4,-8809.1939823
590,299,ala,es,0,1,-8808.86008771
591,298,ala,ga,29,3,-8809.07339232
592,1165,ala,ga,1,5,-8808.99429971
593,1168,ala,es,47,9,-8808.94808933
594,343,ala,ga,27,13,-8808.99933381
595,1749,ala,ga,34,3,-8808.92682908
596,1733,ala,ga,30,7,-8809.21039077
597,345,ala,ga,21,2,-8808.93622517
598,302,ala,es,29,2,-8809.25045681
599,1732,ala,es,44,8,-8809.19419999
600,347,ala,es,48,6,-8808.9227773
601,1212,ala,ga,35,19,-8808.92776515
602,1194,ala,es,16,1,-8809.16647975
603,293,ala,es,18,1,-8809.24756424
604,1999,ala,ga,11,19,-8809.22273385
605,338,ala,es,36,2,-8809.16600083
606,1856,ala,ga,42,5,-8808.81505014
607,1195,ala,ga,0,1,-8809.24652204
608,291,ala,es,26,0,-8808.93941434
609,290,ala,es,48,5,-8809.16668656
610,1752,ala,es,24,7,-8809.18499166
611,288,ala,es,44,4,-8808.93583332
612,1196,ala,es,37,2,-8809.19535375
613,350,ala,ga,26,0,-8809.25064729
614,348,ala,es,14,10,-8809.06959905
615,1739,ala,es,13,3,-8809.22673392
616,1439,ala,ga,22,22,-8809.19092646
617,249,ala,ga,13,6,-8809.14047655
618,2002,ala,ga,41,8,-8808.94635052
619,1213,ala,es,39,2,-8809.09032053
620,248,ala,es,2,7,-8809.18465424
621,247,ala,ga,2,3,-8808.96472909
622,1225,ala,es,29,4,-8809.2243366
623,1422,ala,ga,12,7,-8809.22199914
624,1172,ala,es,22,8,-8809.24746084
625,1149,ala,ga,0,10,-8809.09475054
626,373,ala,ga,11,23,-8809.16677636
627,326,ala,ga,33,21,-8808.76485602
628,244,ala,ga,33,3,-8809.12091973
629,319,ala,es,42,5,-8808.96266103
630,1996,ala,ga,17,1,-8809.09557232
631,1854,ala,ga,38,18,-8809.21591468
632,1228,ala,ga,10,12,-8809.19393604
633,1230,ala,es,2,8,-8809.07508487
634,1232,ala,ga,10,5,-8809.18644747
635,238,ala,es,44,6,-8809.21279081
636,321,ala,ga,17,6,-8809.18880942
637,1742,ala,ga,2,0,-8808.81860395
638,376,ala,es,28,6,-8808.97533337
639,377,ala,ga,22,1,-8809.00422098
640,237,ala,ga,35,8,-8809.18594134
641,251,ala,es,38,0,-8809.05497566
642,1178,ala,ga,13,14,-8809.03002009
643,1190,ala,es,12,5,-8809.04311149
644,311,ala,es,14,4,-8809.19932934
645,1916,ala,ga,23,0,-8809.21960454
646,253,ala,ga,40,13,-8809.18895636
647,1424,ala,ga,29,14,-8809.12334426
648,330,ala,es,8,2,-8809.01236263
649,1220,ala,ga,17,4,-8809.18589236
650,254,ala,ga,3,5,-8809.14433513
651,329,ala,ga,10,2,-8809.19354148
652,1216,ala,ga,33,0,-8809.22052429
653,1761,ala,es,39,5,-8808.98114572
654,1432,ala,ga,23,3,-8809.21962359
655,1441,ala,ga,27,15,-8809.12260956
656,1725,ala,ga,38,13,-8808.9656053
657,1740,ala,es,23,9,-8809.22250528
658,928,gly,ga,7,8,-7739.33903935
659,1512,gly,ga,31,9,-7739.47854124
660,1515,gly,ga,4,1,-7739.5433506
661,1171,gly,ga,21,2,-7739.54432204
662,1940,gly,ga,43,14,-7739.49520277
663,1110,gly,ga,17,11,-7739.49705859
664,1939,gly,ga,46,5,-7739.54993847
665,1375,gly,ga,28,5,-7739.54272474
666,1111,gly,ga,32,5,-7739.48144469
667,1319,gly,ga,42,5,-7739.55167728
668,1374,gly,ga,2,15,-7739.54439824
669,1330,gly,ga,35,2,-7739.32710443
670,1113,gly,ga,25,15,-7739.23514628
671,1383,gly,ga,45,6,-7739.55206096
672,1329,gly,ga,18,7,-7739.54331522
673,1324,gly,ga,7,18,-7739.55175619
674,1107,gly,ga,13,18,-7739.54954119
675,1513,gly,ga,35,5,-7739.1559557
676,933,gly,ga,18,5,-7739.47805143
677,920,gly,ga,49,18,-7739.44318821
678,1514,gly,ga,23,12,-7739.52596252
679,1322,gly,ga,4,5,-7739.38149183
680,1108,gly,ga,4,21,-7739.48052495
681,1313,gly,ga,4,28,-7739.40418068
682,1379,gly,ga,1,16,-7739.44757468
683,1325,gly,ga,27,8,-7739.47900111
684,921,gly,es,30,3,-7739.48363793
685,922,gly,ga,7,22,-7739.54929356
686,1311,gly,ga,31,12,-7739.40919846
687,1904,gly,ga,3,22,-7739.54231656
688,1035,gly,ga,32,10,-7739.54417238
689,1167,gly,ga,7,5,-7739.47765143
690,1527,gly,ga,7,16,-7739.32676973
691,1440,gly,ga,1,9,-7739.55022147
692,1528,gly,ga,2,18,-7739.54965003
693,1529,gly,ga,23,9,-7739.4052637
694,1155,gly,ga,44,11,-7739.48149912
695,888,gly,ga,25,20,-7739.6006224
696,1154,gly,ga,43,16,-7739.5201665
697,886,gly,ga,1,14,-7739.5496201
698,884,gly,ga,1,6,-7739.34851435
699,1356,gly,es,10,1,-7739.23603065
700,1442,gly,ga,22,3,-7739.23373945
701,881,gly,ga,21,0,-7739.6003911
702,1536,gly,ga,15,10,-7739.45628505
703,1151,gly,ga,10,9,-7739.3398312
704,1141,gly,ga,46,11,-7739.52402507
705,1150,gly,ga,0,12,-7739.3990595
706,1359,gly,ga,12,7,-7739.52487134
707,878,gly,ga,44,13,-7739.55219974
708,877,gly,es,30,5,-7739.51292555
709,1361,gly,ga,37,1,-7739.54356012
710,1444,gly,ga,0,2,-7739.4774936
711,1944,gly,ga,35,7,-7739.54429211
712,1362,gly,ga,17,10,-7739.539258
713,1363,gly,ga,33,18,-7739.54203901
714,1539,gly,ga,34,11,-7739.47820382
715,1352,gly,ga,3,8,-7739.55154395
716,1519,gly,ga,23,1,-7739.5434023
717,1135,gly,ga,4,31,-7739.42322321
718,1133,gly,ga,2,9,-7739.54467851
719,914,gly,ga,15,8,-7739.40207724
720,1166,gly,ga,41,8,-7739.55236301
721,1336,gly,ga,3,0,-7739.59955844
722,1520,gly,ga,22,4,-7739.3786564
723,912,gly,ga,33,26,-7739.3388407
724,1114,gly,ga,44,6,-7739.38376942
725,910,gly,ga,43,20,-7739.41656459
726,1921,gly,ga,8,3,-7739.12030878
727,908,gly,ga,19,5,-7739.23556261
728,906,gly,ga,1,15,-7739.33989106
729,1339,gly,ga,33,24,-7739.46725668
730,1340,gly,ga,30,4,-7739.5445996
731,1372,gly,ga,41,14,-7739.47856573
732,1435,gly,ga,37,11,-7739.59426854
733,1436,gly,ga,12,13,-7739.52389446
734,903,gly,ga,27,0,-7739.54676835
735,1125,gly,ga,29,2,-7739.47720788
736,1437,gly,ga,12,6,-7739.4786011
737,899,gly,ga,31,19,-7739.32520508
738,898,gly,ga,9,30,-7739.54406626
739,1901,gly,ga,14,1,-7739.59275559
740,896,gly,ga,1,7,-7739.54479552
741,1128,gly,ga,9,1,-7739.15142773
742,1159,gly,ga,31,2,-7739.54463497
743,1132,gly,ga,48,5,-7739.54279548
744,1134,gly,ga,26,4,-7739.54419687
745,1173,gly,ga,24,7,-7739.47896846
746,953,gly,ga,46,12,-7739.48039433
747,1176,gly,ga,12,12,-7739.54449075
748,1257,gly,ga,20,5,-7739.54936431
749,1258,gly,ga,18,8,-7739.24626757
750,1259,gly,ga,46,7,-7739.52144543
751,1002,gly,ga,27,10,-7739.54996569
752,1001,gly,ga,13,2,-7739.47970317
753,1000,gly,ga,13,4,-7739.36211188
754,1211,gly,ga,41,12,-7739.47846777
755,1403,gly,ga,33,15,-7739.52662104
756,1263,gly,ga,19,9,-7739.55229226
757,1062,gly,ga,47,5,-7739.54409075
758,1064,gly,ga,27,5,-7739.41912246
759,1065,gly,ga,11,4,-7739.32685409
760,1267,gly,ga,17,12,-7739.478729
761,1207,gly,ga,25,3,-7739.32713164
762,1401,gly,ga,45,2,-7739.33925704
763,1204,gly,ga,33,17,-7739.32714253
764,995,gly,ga,31,15,-7739.5498133
765,1203,gly,ga,7,2,-7739.5523494
766,1270,gly,es,0,1,-7739.33809239
767,1072,gly,ga,36,2,-7739.52492305
768,1202,gly,ga,17,6,-7739.47584731
769,992,gly,ga,7,21,-7739.54480641
770,1201,gly,ga,13,21,-7739.60069859
771,1464,gly,ga,27,11,-7739.4743262
772,1890,gly,ga,28,2,-7739.54409891
773,989,gly,ga,9,18,-7739.41196314
774,1494,gly,ga,4,15,-7739.47387449
775,1472,gly,ga,9,22,-7739.49728444
776,1215,gly,ga,13,9,-7739.54383224
777,1254,gly,ga,17,13,-7739.47703645
778,1217,gly,ga,20,10,-7739.47980929
779,1883,gly,ga,48,8,-7739.54262133
780,1486,gly,ga,18,0,-7739.53812057
781,1031,gly,ga,47,10,-7739.54430027
782,1484,gly,ga,28,0,-7739.59971626
783,1029,gly,ga,28,16,-7739.54411252
784,1027,gly,ga,34,4,-7739.41560947
785,1489,gly,ga,44,0,-7739.42156604
786,1421,gly,ga,13,6,-7739.51692018
787,1041,gly,ga,33,21,-7739.54397102
788,1490,gly,ga,14,8,-7739.51120579
789,1023,gly,ga,4,20,-7739.51087925
790,1240,gly,ga,44,14,-7739.43229277
791,1929,gly,ga,49,19,-7739.50043552
792,1273,gly,ga,12,11,-7739.55039562
793,1241,gly,ga,48,2,-7739.55227593
794,1930,gly,ga,32,3,-7739.40489362
795,1224,gly,ga,33,40,-7739.59942238
796,1047,gly,ga,1,3,-7739.42637429
797,1915,gly,ga,33,27,-7739.54446899
798,1423,gly,ga,4,33,-7739.53703211
799,1015,gly,ga,9,11,-7739.35861522
800,1412,gly,ga,47,6,-7739.55213443
801,1248,gly,ga,40,13,-7739.55062692
802,1013,gly,ga,5,4,-7739.51786713
803,1221,gly,ga,42,0,-7739.54857246
804,1476,gly,ga,28,24,-7739.3270745
805,1218,gly,ga,45,7,-7739.23053395
806,1408,gly,ga,26,5,-7739.38409596
807,1480,gly,ga,10,5,-7739.59972443
808,983,gly,ga,43,2,-7739.4918721
809,1399,gly,ga,33,35,-7739.55230042
810,1496,gly,ga,8,8,-7739.52228354
811,958,gly,ga,5,3,-7739.54392476
812,1390,gly,ga,43,13,-7739.54346488
813,1092,gly,ga,9,34,-7739.32877793
814,1298,gly,ga,3,17,-7739.54074103
815,1186,gly,ga,18,19,-7739.55170721
816,1906,gly,ga,9,9,-7739.52497475
817,1386,gly,ga,47,14,-7739.32549352
818,1905,gly,ga,29,7,-7739.32723777
819,1918,gly,ga,46,2,-7739.47570853
820,1233,gly,es,21,6,-7739.54460504
821,1184,gly,ga,20,16,-7739.46328926
822,1455,gly,ga,9,20,-7739.54429211
823,952,gly,ga,4,19,-7739.58904124
824,1187,gly,ga,7,12,-7739.37956799
825,1097,gly,ga,0,6,-7739.13159062
826,1183,gly,ga,32,4,-7739.41704351
827,949,gly,ga,44,18,-7739.54880376
828,1181,gly,ga,37,2,-7739.32692756
829,1307,gly,ga,1,17,-7739.47907458
830,1180,gly,ga,9,4,-7739.38105917
831,1179,gly,es,10,4,-7739.52615844
832,1100,gly,es,26,6,-7739.54469756
833,1309,gly,ga,9,8,-7739.33875907
834,1433,gly,ga,0,1,-7739.52029439
835,1101,gly,es,26,4,-7739.05660149
836,1506,gly,ga,4,25,-7739.46581175
837,1508,gly,ga,48,7,-7739.38952735
838,1453,gly,ga,29,14,-7739.477197
839,1502,gly,ga,33,9,-7739.32862555
840,1174,gly,ga,29,9,-7739.53913283
841,1391,gly,ga,36,3,-7739.32628537
842,1500,gly,ga,46,3,-7739.46681041
843,980,gly,ga,39,6,-7739.55246913
844,1497,gly,ga,24,6,-7739.40448273
845,1279,gly,ga,13,8,-7739.54408803
846,1462,gly,ga,42,6,-7739.47579289
847,1193,gly,ga,8,9,-7739.54456695
848,1082,gly,ga,9,24,-7739.4775317
849,974,gly,ga,25,16,-7739.59921013
850,1083,gly,ga,3,4,-7739.42591442
851,972,gly,ga,13,7,-7739.23685787
852,1917,gly,ga,48,6,-7739.55071672
853,1191,gly,ga,33,16,-7739.54134512
854,971,gly,ga,29,16,-7739.52592987
855,1907,gly,ga,8,1,-7739.47005945
856,1188,gly,ga,43,12,-7739.60031763
857,1285,gly,ga,44,20,-7739.32601054
858,1396,gly,ga,28,8,-7739.47973038
859,1499,gly,ga,2,17,-7739.32436425
860,1086,gly,ga,23,6,-7739.5445098
861,1289,gly,ga,3,26,-7739.55138612
862,1394,gly,ga,31,11,-7739.4793086
863,964,gly,ga,16,4,-7739.32657109
864,1291,gly,ga,37,0,-7739.53732328
865,1087,gly,ga,32,14,-7739.47801062
866,963,gly,ga,44,3,-7739.55141061
867,962,gly,ga,44,7,-7739.4785875
868,1088,gly,ga,37,8,-7739.32409758
869,1457,gly,ga,4,24,-7739.60031763
870,961,gly,ga,24,8,-7739.42647225
871,968,gly,ga,31,5,-7739.48109367
872,1445,gly,ga,47,0,-7739.23343468
873,1612,gly,ga,25,13,-7739.54946227
874,417,gly,ga,18,10,-7739.55239022
875,1734,gly,ga,28,6,-7739.32636428
876,1731,gly,ga,12,17,-7739.47149893
877,2029,gly,ga,1,18,-7739.38050406
878,354,gly,ga,14,3,-7739.54471117
879,356,gly,ga,15,4,-7739.51786986
880,357,gly,es,0,8,-7739.60023328
881,1998,gly,es,0,5,-7739.33367598
882,360,gly,ga,2,8,-7739.12806403
883,362,gly,ga,23,7,-7739.53969611
884,364,gly,ga,46,1,-7739.48489782
885,341,gly,ga,39,11,-7739.38411773
886,365,gly,ga,0,11,-7739.47982834
887,367,gly,ga,47,11,-7739.6006088
888,69,gly,ga,37,13,-7739.38353541
889,1723,gly,ga,49,0,-7739.59765092
890,371,gly,ga,43,8,-7739.38299934
891,1722,gly,ga,49,4,-7739.49158638
892,1857,gly,ga,2,7,-7739.59857338
893,378,gly,ga,43,0,-7739.60007545
894,1720,gly,ga,12,18,-7739.33124873
895,382,gly,ga,1,13,-7739.54903506
896,384,gly,ga,48,3,-7739.6004673
897,366,gly,ga,40,10,-7739.23471361
898,340,gly,ga,33,5,-7739.38262927
899,339,gly,ga,20,7,-7739.47965963
900,1736,gly,ga,1,1,-7739.48118074
901,296,gly,ga,33,11,-7739.55239838
902,297,gly,ga,44,9,-7739.5487058
903,1751,gly,ga,3,23,-7739.60070131
904,1748,gly,ga,46,6,-7739.32206216
905,1747,gly,ga,19,13,-7739.55242559
906,305,gly,ga,0,0,-7739.40452899
907,1745,gly,ga,49,12,-7739.54443905
908,308,gly,ga,28,7,-7739.12444491
909,309,gly,ga,13,13,-7739.55166912
910,1744,gly,ga,9,16,-7739.48190729
911,312,gly,ga,42,8,-7739.54413429
912,313,gly,ga,3,19,-7739.54397646
913,314,gly,ga,44,10,-7739.14603171
914,1743,gly,ga,1,2,-7739.34010331
915,316,gly,ga,13,12,-7739.4790637
916,318,gly,ga,25,4,-7739.32163767
917,320,gly,ga,45,1,-7739.55244736
918,1741,gly,ga,0,7,-7739.3268296
919,324,gly,ga,48,4,-7739.54462681
920,325,gly,ga,37,12,-7739.54451252
921,327,gly,ga,7,17,-7739.52559789
922,333,gly,ga,8,0,-7739.54419415
923,2001,gly,ga,18,2,-7739.32660647
924,386,gly,ga,37,14,-7739.59925639
925,295,gly,ga,17,1,-7739.54367441
926,1716,gly,ga,33,3,-7739.39789213
927,390,gly,ga,31,16,-7739.39903229
928,439,gly,ga,33,39,-7739.58932423
929,440,gly,ga,6,1,-7739.23425918
930,1696,gly,ga,15,3,-7739.60036389
931,445,gly,ga,40,7,-7739.54429211
932,1692,gly,ga,39,9,-7739.31840223
933,448,gly,ga,22,5,-7739.54416694
934,452,gly,ga,30,1,-7739.54476287
935,453,gly,ga,33,22,-7739.54391932
936,455,gly,ga,36,6,-7739.42405588
937,457,gly,ga,4,11,-7739.47919975
938,438,gly,ga,33,2,-7739.60020879
939,460,gly,es,20,17,-7739.32527855
940,1688,gly,ga,0,4,-7739.48621213
941,467,gly,ga,7,3,-7739.43911738
942,1684,gly,ga,43,6,-7739.1106433
943,58,gly,ga,47,8,-7739.543737
944,2032,gly,ga,44,16,-7739.53501303
945,472,gly,ga,36,7,-7739.59162632
946,473,gly,ga,49,14,-7739.33053307
947,1861,gly,ga,25,14,-7739.54113831
948,2026,gly,ga,43,3,-7739.54139138
949,477,gly,ga,46,0,-7739.47953718
950,464,gly,ga,1,10,-7739.32704457
951,1994,gly,ga,40,15,-7739.54971534
952,428,gly,ga,14,2,-7739.33919717
953,61,gly,ga,25,1,-7739.3244867
954,391,gly,ga,27,6,-7739.55000106
955,1714,gly,ga,44,8,-7739.54915479
956,1711,gly,ga,29,11,-7739.53441166
957,396,gly,ga,40,1,-7739.55232219
958,397,gly,ga,37,17,-7739.2329095
959,398,gly,ga,17,8,-7739.51438408
960,400,gly,es,26,5,-7739.55175619
961,67,gly,ga,9,7,-7739.47977664
962,404,gly,ga,47,9,-7739.54460776
963,405,gly,ga,20,9,-7739.46897372
964,406,gly,ga,33,36,-7739.38422385
965,66,gly,ga,3,21,-12016.5768308
966,409,gly,ga,19,2,-7739.38458577
967,410,gly,ga,44,1,-7739.23589731
968,2030,gly,ga,1,20,-7739.54152471
969,412,gly,ga,34,2,-7739.417351
970,415,gly,ga,45,4,-7739.5974169
971,416,gly,ga,49,10,-7739.41946532
972,868,gly,ga,3,2,-7739.49106392
973,63,gly,ga,4,26,-7739.46226067
974,419,gly,ga,13,22,-7739.23811232
975,421,gly,ga,49,5,-7739.23227547
976,422,gly,ga,49,21,-7739.3841395
977,389,gly,ga,40,11,-7739.35166271
978,480,gly,ga,17,7,-7739.50088723
979,294,gly,ga,34,12,-7739.22685769
980,2003,gly,ga,12,3,-7739.32639694
981,101,gly,ga,12,20,-7739.54436014
982,159,gly,ga,41,13,-7739.55238206
983,93,gly,ga,33,6,-7739.47097919
984,1787,gly,ga,12,9,-7739.33964344
985,2020,gly,ga,46,14,-7739.47254385
986,2018,gly,ga,33,7,-7739.59999926
987,176,gly,ga,13,17,-7739.47911812
988,90,gly,ga,22,6,-7739.32555883
989,178,gly,ga,22,1,-7739.1524155
990,1852,gly,ga,2,5,-7739.34859599
991,155,gly,ga,25,10,-7739.32733301
992,181,gly,ga,31,8,-7739.53886072
993,186,gly,ga,34,6,-7739.5512419
994,187,gly,ga,10,13,-7739.38176122
995,190,gly,ga,13,27,-7739.38362792
996,1777,gly,ga,12,0,-7739.54439279
997,193,gly,ga,34,0,-7739.37800333
998,194,gly,ga,47,3,-7739.51280582
999,1776,gly,ga,34,7,-7739.45518026
1000,199,gly,ga,30,2,-7739.47935214
1001,1775,gly,ga,33,14,-7739.23187275
1002,202,gly,ga,28,26,-7739.50622066
1003,183,gly,ga,40,19,-7739.55181606
1004,1792,gly,ga,49,17,-7739.54457783
1005,153,gly,ga,39,2,-7739.23099926
1006,1793,gly,ga,40,3,-7739.52586456
1007,115,gly,ga,33,32,-7739.33392633
1008,118,gly,ga,29,3,-7739.54810443
1009,120,gly,ga,27,9,-7739.55107591
1010,111,gly,ga,16,1,-7739.5496582
1011,1806,gly,ga,4,16,-7739.38232722
1012,123,gly,ga,28,11,-7739.47808953
1013,1804,gly,ga,37,6,-7739.59747404
1014,125,gly,ga,39,7,-7739.55219702
1015,129,gly,ga,31,3,-7739.54451252
1016,130,gly,ga,10,0,-7739.5442268
1017,1800,gly,ga,22,2,-7739.22721416
1018,133,gly,ga,36,4,-7739.38255852
1019,1799,gly,ga,12,10,-7739.44128613
1020,135,gly,ga,31,17,-7739.47093294
1021,137,gly,ga,11,1,-7739.46881861
1022,138,gly,ga,34,13,-7739.35123821
1023,139,gly,ga,17,17,-7739.47454117
1024,1797,gly,ga,33,8,-7739.54499689
1025,143,gly,ga,23,8,-7739.23378571
1026,1795,gly,es,26,7,-7739.5517181
1027,148,gly,ga,25,7,-7739.40362557
1028,1811,gly,ga,3,1,-7739.54290705
1029,149,gly,ga,1,5,-7739.32216557
1030,83,gly,ga,49,1,-7739.37846592
1031,292,gly,ga,4,30,-7739.33979582
1032,1773,gly,ga,33,12,-7739.47530308
1033,208,gly,ga,42,3,-7739.52515979
1034,1760,gly,ga,41,9,-7739.55007453
1035,260,gly,ga,41,16,-7739.55162558
1036,1820,gly,ga,10,11,-7739.54402544
1037,1758,gly,ga,16,5,-7739.51083571
1038,263,gly,ga,33,23,-7739.53645795
1039,74,gly,ga,39,5,-7739.43490778
1040,265,gly,es,30,4,-7739.42419466
1041,1756,gly,ga,41,3,-7739.33952099
1042,268,gly,ga,35,6,-7739.419849
1043,269,gly,ga,18,14,-7739.52403868
1044,2007,gly,ga,41,7,-7739.48872918
1045,270,gly,ga,45,9,-7739.47989637
1046,276,gly,ga,11,3,-7739.23847967
1047,1754,gly,ga,34,3,-7739.49978789
1048,279,gly,ga,18,13,-7739.09312461
1049,1753,gly,ga,8,4,-7739.47801606
1050,281,gly,ga,37,3,-7739.47624188
1051,282,gly,ga,42,7,-7739.47963514
1052,2004,gly,ga,23,5,-7739.55042828
1053,71,gly,ga,29,0,-7739.33417667
1054,285,gly,ga,40,4,-7739.23070266
1055,286,gly,ga,4,9,-7739.2489615
1056,275,gly,ga,17,2,-7739.23996541
1057,257,gly,ga,18,1,-7739.44234737
1058,1763,gly,ga,30,0,-7739.55240927
1059,2009,gly,ga,25,23,-7739.544303
1060,1772,gly,es,20,15,-7739.5117745
1061,1853,gly,ga,3,6,-7739.54645814
1062,219,gly,ga,9,19,-7739.47545547
1063,221,gly,ga,27,4,-7739.54447715
1064,222,gly,ga,49,7,-7739.54327168
1065,223,gly,ga,6,4,-7739.54241453
1066,224,gly,ga,1,8,-7739.42412119
1067,1816,gly,ga,32,8,-7739.32971128
1068,226,gly,ga,43,21,-7739.59705227
1069,2013,gly,ga,1,11,-7739.08306184
1070,1768,gly,ga,26,3,-7739.54449348
1071,231,gly,ga,9,6,-7739.38356534
1072,81,gly,ga,39,1,-7739.23914635
1073,2011,gly,ga,20,4,-7739.45546598
1074,239,gly,ga,39,8,-7739.43740851
1075,79,gly,ga,15,5,-7739.60059791
1076,2010,gly,ga,32,15,-7739.52656661
1077,1819,gly,ga,33,38,-7739.59573252
1078,1765,gly,ga,3,14,-7739.54415061
1079,243,gly,ga,32,2,-7739.40637664
1080,245,gly,ga,35,8,-7739.38269185
1081,246,gly,ga,20,6,-7739.54474382
1082,250,gly,ga,34,5,-7739.40656984
1083,207,gly,ga,4,23,-7739.54375877
1084,482,gly,ga,6,0,-7739.43758538
1085,1862,gly,ga,12,8,-7739.59853257
1086,486,gly,ga,13,26,-7739.1086868
1087,1596,gly,ga,29,13,-7739.54415878
1088,722,gly,es,0,3,-7739.54966908
1089,723,gly,ga,9,13,-7739.4069508
1090,725,gly,ga,5,6,-7739.47965418
1091,1595,gly,ga,23,11,-7739.55230042
1092,1593,gly,es,10,3,-7739.48542572
1093,1591,gly,ga,38,1,-7739.60012988
1094,734,gly,ga,10,12,-7739.23827286
1095,736,gly,ga,31,1,-12017.8673988
1096,737,gly,ga,32,12,-7739.55172082
1097,717,gly,ga,13,29,-7739.55170721
1098,1589,gly,ga,5,8,-7739.42991449
1099,744,gly,ga,29,10,-7739.42596884
1100,747,gly,ga,4,32,-7739.39513018
1101,748,gly,ga,48,0,-7739.3833667
1102,1586,gly,ga,13,10,-7739.49208979
1103,1960,gly,ga,47,13,-7739.32180093
1104,1585,gly,es,47,1,-7739.52092569
1105,754,gly,ga,28,18,-7739.46173277
1106,755,gly,ga,6,9,-7739.55222151
1107,757,gly,ga,38,0,-7739.54973711
1108,16,gly,ga,9,3,-7739.4001915
1109,1839,gly,ga,40,17,-7739.33039157
1110,22,gly,ga,29,12,-7739.42282048
1111,1599,gly,ga,44,15,-7739.60068227
1112,712,gly,ga,32,16,-7739.5255353
1113,1619,gly,ga,9,28,-7739.42991721
1114,485,gly,ga,9,15,-7739.36251189
1115,671,gly,ga,39,10,-7739.38283607
1116,673,gly,ga,12,4,-7739.46976012
1117,674,gly,ga,3,18,-7739.42670627
1118,32,gly,ga,29,15,-7739.60036661
1119,1833,gly,ga,7,14,-7739.54400639
1120,1616,gly,ga,11,6,-7739.5447928
1121,1834,gly,ga,44,22,-7739.33928969
1122,681,gly,ga,40,14,-7739.54190567
1123,683,gly,ga,37,7,-7739.54184037
1124,684,gly,ga,4,35,-7739.3807027
1125,1610,gly,ga,43,7,-7739.54460232
1126,1835,gly,ga,3,9,-7739.32533841
1127,690,gly,ga,8,6,-7739.55216709
1128,1965,gly,ga,0,10,-7739.41500537
1129,697,gly,es,5,15,-7739.60052444
1130,1607,gly,ga,48,11,-7739.47944466
1131,27,gly,ga,1,4,-7739.49619327
1132,703,gly,ga,20,8,-7739.3324678
1133,705,gly,ga,18,18,-7739.49652524
1134,1964,gly,ga,28,23,-7739.54425674
1135,26,gly,ga,33,37,-7739.54290161
1136,761,gly,ga,36,5,-7739.23162512
1137,1621,gly,ga,34,10,-7738.97947353
1138,1581,gly,ga,44,4,-7739.38982668
1139,1958,gly,ga,20,13,-7739.51757053
1140,7,gly,ga,46,13,-7739.32706906
1141,831,gly,ga,11,2,-7739.55033032
1142,1554,gly,ga,12,15,-7739.47673985
1143,1553,gly,ga,3,25,-7739.4733221
1144,838,gly,ga,19,6,-7739.2388824
1145,839,gly,ga,33,28,-7739.4753956
1146,841,gly,ga,10,10,-7739.47778748
1147,1552,gly,ga,16,0,-7739.54247439
1148,844,gly,ga,32,7,-7739.52282777
1149,845,gly,ga,15,9,-7739.41614281
1150,2038,gly,ga,9,12,-7739.40840933
1151,1946,gly,ga,2,13,-7739.30171621
1152,1945,gly,ga,49,20,-7739.60033124
1153,849,gly,ga,14,4,-7739.43674999
1154,1842,gly,ga,13,11,-7739.54318461
1155,852,gly,ga,18,6,-7739.54256147
1156,853,gly,ga,49,11,-7739.47695482
1157,1549,gly,ga,31,7,-7739.59939245
1158,858,gly,ga,4,27,-7739.55139428
1159,1548,gly,ga,20,3,-7739.40648549
1160,1877,gly,ga,5,1,-7739.52378289
1161,3,gly,ga,7,4,-7739.5116194
1162,847,gly,ga,7,13,-7739.54938064
1163,825,gly,ga,43,10,-7739.3392516
1164,1950,gly,ga,20,2,-7739.52443596
1165,1951,gly,ga,32,0,-7739.37713801
1166,1957,gly,ga,40,6,-7739.5504827
1167,14,gly,ga,32,9,-7739.40630317
1168,1574,gly,ga,2,4,-7739.47702012
1169,777,gly,ga,45,5,-7739.55051263
1170,780,gly,ga,34,9,-7739.09345659
1171,784,gly,ga,14,7,-7739.47704733
1172,785,gly,ga,14,5,-7739.23130403
1173,789,gly,ga,15,6,-7739.54902689
1174,790,gly,ga,41,11,-7739.32692756
1175,791,gly,ga,42,4,-7739.49007887
1176,1955,gly,ga,7,20,-7739.55168272
1177,1954,gly,ga,5,2,-7739.60033124
1178,798,gly,ga,21,6,-7739.51775557
1179,1570,gly,ga,2,0,-7739.59933802
1180,802,gly,ga,20,14,-7739.5103704
1181,1568,gly,ga,13,25,-7739.54279004
1182,1567,gly,ga,19,12,-7739.32579829
1183,1566,gly,ga,9,10,-7739.47451395
1184,810,gly,ga,44,5,-7739.46589883
1185,10,gly,ga,7,0,-7739.33860124
1186,818,gly,ga,0,3,-7739.53603618
1187,1560,gly,ga,25,6,-7739.54914662
1188,822,gly,ga,4,22,-7739.41204478
1189,15,gly,ga,28,19,-7739.379802
1190,666,gly,ga,33,0,-7739.11636585
1191,670,gly,ga,5,5,-7739.59944687
1192,664,gly,ga,12,19,-7739.52570401
1193,530,gly,ga,7,6,-7739.51883858
1194,43,gly,ga,13,20,-7739.42875529
1195,532,gly,ga,31,14,-7739.43640169
1196,533,gly,ga,24,3,-7739.52499107
1197,534,gly,ga,38,3,-7739.11989245
1198,1670,gly,ga,6,3,-7739.54267303
1199,41,gly,ga,26,2,-7739.47656569
1200,538,gly,ga,47,4,-7739.54997657
1201,539,gly,ga,20,12,-7739.40404735
1202,541,gly,ga,3,7,-7739.42989272
1203,542,gly,ga,25,2,-7739.24030828
1204,544,gly,ga,13,28,-7739.54373156
1205,546,gly,ga,28,25,-7739.5448826
1206,547,gly,ga,4,13,-7739.59812984
1207,1665,gly,ga,9,14,-7739.42101637
1208,550,gly,es,0,9,-7739.38094488
1209,1662,gly,ga,42,1,-7739.47921336
1210,554,gly,ga,19,8,-7739.55126095
1211,36,gly,ga,23,10,-7739.55248002
1212,35,gly,ga,29,4,-7739.36867255
1213,1981,gly,ga,24,4,-7739.55130176
1214,1622,gly,ga,29,8,-7739.54200908
1215,1980,gly,ga,20,0,-7739.48760535
1216,529,gly,ga,28,21,-7739.47927595
1217,1863,gly,ga,7,10,-7739.44503586
1218,527,gly,ga,43,19,-7739.32668266
1219,45,gly,ga,10,1,-7739.53669469
1220,487,gly,ga,42,2,-7739.48146646
1221,488,gly,ga,40,2,-7739.46021437
1222,56,gly,ga,4,0,-7739.55088271
1223,490,gly,ga,19,3,-7739.47974942
1224,492,gly,ga,19,1,-7739.23033258
1225,1826,gly,ga,33,25,-7739.41559858
1226,496,gly,ga,41,1,-7739.13600159
1227,498,gly,ga,37,4,-7739.54394653
1228,499,gly,ga,1,0,-7739.33946112
1229,500,gly,ga,3,12,-7739.59368078
1230,501,gly,ga,44,19,-7739.15162093
1231,1849,gly,ga,18,9,-7739.48334405
1232,507,gly,ga,37,10,-7739.38233266
1233,508,gly,ga,17,9,-7739.32434248
1234,509,gly,ga,31,13,-7739.60050811
1235,511,gly,ga,3,5,-7739.54415061
1236,512,gly,ga,21,4,-7739.24212327
1237,1828,gly,ga,5,9,-7739.4645818
1238,514,gly,ga,45,0,-7739.38252314
1239,515,gly,ga,13,1,-7739.39986224
1240,516,gly,ga,25,0,-7739.34139313
1241,1988,gly,ga,4,29,-7739.54886907
1242,525,gly,ga,44,12,-7739.49261497
1243,1672,gly,ga,31,20,-7739.47537928
1244,565,gly,ga,1,19,-7739.38011493
1245,560,gly,ga,32,11,-7739.3787326
1246,567,gly,ga,47,7,-7739.55232219
1247,614,gly,ga,10,2,-7739.54234378
1248,1640,gly,ga,32,1,-7739.55212899
1249,1639,gly,es,21,3,-7739.54391115
1250,619,gly,ga,29,6,-7739.5412145
1251,620,gly,ga,33,4,-7739.54800374
1252,621,gly,ga,37,9,-7739.52572306
1253,622,gly,ga,19,7,-7739.38158707
1254,623,gly,ga,24,5,-7739.47094654
1255,629,gly,ga,40,9,-7739.54477375
1256,632,gly,ga,28,3,-7739.54467579
1257,639,gly,ga,28,20,-7739.47279692
1258,566,gly,ga,28,15,-7739.40579704
1259,1633,gly,ga,28,27,-7739.54481457
1260,645,gly,ga,9,32,-7739.47900383
1261,1971,gly,ga,31,0,-7739.59381411
1262,648,gly,ga,45,8,-7739.37915981
1263,652,gly,ga,48,10,-7739.32133562
1264,653,gly,ga,43,4,-7739.46402124
1265,655,gly,ga,0,8,-7739.40245276
1266,1968,gly,ga,9,27,-7739.52242504
1267,1627,gly,ga,7,11,-7739.59689172
1268,658,gly,ga,45,3,-7739.59886455
1269,1626,gly,ga,5,0,-7739.60020607
1270,663,gly,ga,30,3,-7739.47460375
1271,1631,gly,ga,17,0,-7739.55242287
1272,1643,gly,ga,2,14,-7739.47943649
1273,613,gly,ga,33,31,-7739.38082787
1274,1646,gly,ga,21,1,-7739.42793895
1275,570,gly,ga,21,3,-7739.35840569
1276,573,gly,ga,33,29,-7739.55216709
1277,574,gly,ga,18,12,-7739.47765687
1278,575,gly,es,0,2,-7739.40735625
1279,578,gly,ga,9,31,-7739.54741326
1280,579,gly,ga,15,7,-7739.24181851
1281,1831,gly,ga,7,1,-7739.37796524
1282,1653,gly,ga,17,15,-7739.40404735
1283,582,gly,ga,13,0,-7739.48212498
1284,1644,gly,ga,28,10,-7739.42162863
1285,1652,gly,ga,28,12,-7739.23158431
1286,590,gly,ga,25,19,-7739.38309186
1287,116,gly,ga,28,22,-7739.5981897
1288,597,gly,ga,44,21,-7739.23300202
1289,1647,gly,ga,43,1,-7739.32651939
1290,602,gly,ga,27,1,-7739.47985011
1291,1648,gly,ga,41,2,-7739.52566592
1292,598,gly,ga,12,5,-7739.54446082
1293,1864,gly,ga,32,6,-7739.54456967
1294,1977,gly,ga,47,15,-7739.38375582
1295,1841,ile,ga,29,5,-12017.7579492
1296,1823,ile,ga,31,1,-12017.7177443
1297,1825,ile,es,8,0,-12017.6670523
1298,1898,ile,ga,12,21,-12017.8638885
1299,1897,ile,ga,19,28,-12017.7670949
1300,1838,ile,ga,34,8,-12017.6944568
1301,1851,ile,ga,19,4,-12017.9147167
1302,1810,ile,ga,2,2,-12017.8461086
1303,1813,ile,ga,19,26,-12017.9116853
1304,1382,ile,ga,39,7,-12017.9470928
1305,1543,ile,ga,20,11,-12017.847208
1306,1388,ile,es,47,11,-12017.9699885
1307,1886,ile,ga,31,7,-12017.8316322
1308,1471,ile,ga,20,18,-12017.5833827
1309,1671,ile,es,11,2,-12017.792758
1310,1669,ile,ga,28,0,-12017.8106386
1311,1884,ile,es,31,0,-12017.8404024
1312,1660,ile,ga,25,7,-12017.8004234
1313,1654,ile,es,17,1,-12017.7320902
1314,1618,ile,es,3,0,-12017.7961213
1315,1869,ile,ga,12,5,-12017.5524787
1316,1613,ile,es,2,0,-12017.9059982
1317,1609,ile,ga,28,4,-12017.6004252
1318,1603,ile,ga,39,9,-12017.8875652
1319,1674,ile,ga,20,8,-12017.9281509
1320,1601,ile,ga,18,4,-12017.8841284
1321,1592,ile,es,35,1,-12017.8332458
1322,1509,ile,es,46,5,-12014.4120725
1323,1588,ile,ga,15,1,-12017.8460379
1324,1872,ile,ga,34,0,-12017.9350871
1325,1576,ile,es,47,8,-12017.9091003
1326,1575,ile,es,29,0,-12017.7597914
1327,1569,ile,ga,22,2,-12017.8845746
1328,1563,ile,ga,24,6,-12017.6166078
1329,1558,ile,ga,24,14,-12017.8688002
1330,1557,ile,es,29,1,-12017.5836875
1331,1551,ile,es,19,9,-12017.6549078
1332,1544,ile,ga,40,7,-12017.8656573
1333,1598,ile,es,26,1,-12017.7720419
1334,1676,ile,ga,19,1,-12017.8044344
1335,1461,ile,es,1,1,-12017.8229762
1336,1682,ile,es,47,10,-12017.5261599
1337,1796,ile,ga,20,6,-12017.9511609
1338,1397,ile,es,15,8,-12017.7221798
1339,1790,ile,ga,21,5,-12017.8503672
1340,1788,ile,ga,39,21,-12017.8443263
1341,1780,ile,ga,39,3,-12017.597021
1342,1778,ile,ga,21,14,-12017.5456078
1343,1406,ile,es,47,4,-12017.869856
1344,1774,ile,es,1,6,-12017.7739984
1345,1769,ile,es,44,3,-12017.8915924
1346,1892,ile,ga,34,7,-12017.774344
1347,1416,ile,ga,31,8,-12017.8035636
1348,1417,ile,ga,21,17,-12017.782453
1349,1759,ile,ga,24,13,-12017.9035927
1350,1757,ile,es,45,0,-12017.8557197
1351,1429,ile,ga,19,27,-12017.9143711
1352,1430,ile,es,15,1,-12017.5160944
1353,1728,ile,ga,24,18,-12017.9202896
1354,1724,ile,es,13,4,-12017.8371751
1355,1443,ile,es,18,2,-12017.5131991
1356,1709,ile,ga,22,7,-12017.511463
1357,1448,ile,ga,22,4,-12017.7789999
1358,1449,ile,ga,41,0,-12017.7778325
1359,1888,ile,es,45,5,-12017.9761001
1360,1706,ile,ga,3,3,-12017.8399452
1361,1704,ile,ga,12,22,-12017.8539455
1362,1452,ile,es,5,1,-12017.9257482
1363,1456,ile,ga,35,2,-12017.7975689
1364,1387,ile,es,4,13,-12017.8568245
1365,0,ile,ga,12,10,-12017.8517278
1366,923,ile,es,36,1,-12017.9334653
1367,561,ile,ga,23,11,-12017.8947653
1368,960,ile,es,38,0,-12017.8494883
1369,669,ile,ga,19,19,-12017.9132527
1370,301,ile,es,45,7,-12017.8537387
1371,1967,ile,es,39,5,-12017.9339334
1372,945,ile,es,35,5,-12017.579018
1373,944,ile,ga,17,16,-12017.894534
1374,304,ile,ga,2,3,-12017.8001459
1375,1966,ile,ga,12,14,-12017.8524217
1376,941,ile,es,4,5,-12017.7985213
1377,1937,ile,ga,19,16,-12017.8795133
1378,307,ile,es,24,5,-12017.8181353
1379,938,ile,es,35,6,-12017.7814217
1380,677,ile,es,4,2,-12017.7915443
1381,1938,ile,es,4,0,-12017.9253427
1382,315,ile,ga,23,5,-12017.8036316
1383,931,ile,ga,3,4,-12017.9175467
1384,926,ile,es,26,0,-12017.8601551
1385,1845,ile,ga,33,16,-12017.8220184
1386,917,ile,es,45,16,-12017.916031
1387,679,ile,ga,10,5,-12017.8916496
1388,323,ile,ga,3,25,-12017.8606531
1389,967,ile,ga,20,16,-12017.9342871
1390,970,ile,es,45,12,-12017.6539282
1391,300,ile,es,19,0,-12017.8851923
1392,981,ile,ga,18,13,-12017.7805129
1393,1925,ile,es,1,9,-12017.6563609
1394,1057,ile,es,45,6,-12017.5127583
1395,1055,ile,ga,17,13,-12017.8102712
1396,1052,ile,ga,2,4,-12017.9393484
1397,746,ile,ga,11,7,-12017.7252901
1398,1048,ile,ga,23,8,-12017.8665689
1399,262,ile,ga,20,5,-12017.6565351
1400,264,ile,es,18,0,-12017.7804666
1401,266,ile,ga,25,1,-12017.8810127
1402,267,ile,ga,11,9,-12017.8141488
1403,328,ile,es,15,6,-12017.9348232
1404,1038,ile,es,19,12,-12017.6255195
1405,1033,ile,es,34,0,-12017.9106921
1406,1032,ile,ga,20,19,-12017.9507772
1407,1927,ile,ga,24,0,-12017.8699186
1408,40,ile,ga,17,3,-12017.7316875
1409,1026,ile,ga,32,11,-12017.9458139
1410,1024,ile,ga,22,0,-12017.7339977
1411,1012,ile,ga,31,10,-12017.8204183
1412,994,ile,es,29,7,-12017.8537224
1413,289,ile,es,6,7,-12017.5552978
1414,984,ile,ga,17,14,-12017.9115602
1415,1037,ile,ga,43,9,-12017.8611538
1416,331,ile,ga,21,8,-12017.9742688
1417,897,ile,ga,20,3,-12017.79309
1418,334,ile,es,6,1,-12017.6601732
1419,462,ile,ga,25,6,-12017.9741627
1420,24,ile,ga,23,1,-12017.8750044
1421,716,ile,ga,27,1,-12017.8884305
1422,403,ile,ga,26,3,-12017.8435018
1423,813,ile,es,39,8,-12017.8205925
1424,809,ile,es,13,2,-12017.5121705
1425,25,ile,es,45,8,-12017.9657299
1426,807,ile,es,0,3,-12017.8630831
1427,411,ile,es,39,7,-12017.7313909
1428,801,ile,ga,18,3,-12017.7547709
1429,466,ile,es,24,6,-12017.7681317
1430,728,ile,ga,20,7,-12017.5510746
1431,774,ile,es,44,12,-12017.881429
1432,426,ile,ga,12,9,-12017.8612654
1433,1993,ile,es,35,4,-12017.8924605
1434,1959,ile,es,33,2,-12017.6677598
1435,764,ile,es,14,5,-12017.7877647
1436,435,ile,ga,17,5,-12017.9056063
1437,756,ile,ga,18,16,-12017.7185335
1438,733,ile,ga,12,24,-12017.7013522
1439,753,ile,ga,24,9,-12017.7833265
1440,442,ile,es,31,4,-12017.6596127
1441,776,ile,es,41,5,-12017.6173153
1442,1924,ile,es,13,6,-12017.5509304
1443,713,ile,ga,39,25,-12017.8709064
1444,835,ile,es,44,10,-12017.7012107
1445,68,ile,es,47,3,-12017.6495145
1446,476,ile,ga,32,3,-12017.9544671
1447,890,ile,es,7,1,-12017.8448378
1448,342,ile,ga,2,6,-12017.8717309
1449,344,ile,ga,25,3,-12017.6076634
1450,883,ile,ga,17,4,-12017.8827705
1451,682,ile,ga,25,5,-12017.9049587
1452,351,ile,ga,12,2,-12017.7890926
1453,353,ile,es,30,7,-12017.8485903
1454,29,ile,ga,21,10,-12017.7634758
1455,827,ile,ga,24,11,-12017.9767614
1456,698,ile,es,1,4,-12017.5437303
1457,866,ile,ga,24,8,-12017.7058938
1458,864,ile,es,46,7,-12017.5742124
1459,862,ile,es,2,3,-12017.6077369
1460,861,ile,ga,24,7,-12017.7997186
1461,380,ile,ga,27,2,-12017.7659412
1462,381,ile,ga,11,3,-12017.6992406
1463,857,ile,ga,18,17,-12017.7131783
1464,385,ile,ga,22,12,-12017.7433965
1465,851,ile,es,7,4,-12017.6647855
1466,1947,ile,es,4,9,-12017.8426664
1467,1353,ile,ga,29,2,-12017.8221735
1468,256,ile,ga,26,2,-12017.8420759
1469,665,ile,es,7,3,-12017.8483699
1470,661,ile,ga,24,5,-12017.7622649
1471,1290,ile,ga,17,20,-12017.8732275
1472,132,ile,es,24,7,-12017.332393
1473,134,ile,ga,28,5,-12017.9773192
1474,1280,ile,ga,19,6,-12017.9379443
1475,141,ile,es,48,3,-12017.7942002
1476,1277,ile,ga,18,11,-12017.7776067
1477,1,ile,es,46,2,-12017.8723431
1478,608,ile,es,46,4,-12017.7848585
1479,1262,ile,ga,18,8,-12017.8904142
1480,1911,ile,ga,20,14,-12017.8199095
1481,548,ile,es,5,4,-12017.9149643
1482,72,ile,es,3,2,-12017.6833138
1483,1912,ile,ga,21,11,-12017.8112481
1484,611,ile,ga,17,0,-12017.8873883
1485,154,ile,es,39,9,-12017.9042185
1486,1250,ile,ga,19,22,-12017.856468
1487,612,ile,ga,32,10,-12017.9132718
1488,1235,ile,ga,2,1,-12017.7382209
1489,1234,ile,es,29,6,-12017.9172582
1490,1913,ile,ga,29,0,-12017.9266706
1491,618,ile,ga,44,17,-12017.737761
1492,128,ile,ga,24,3,-12017.7971363
1493,2023,ile,ga,19,3,-12017.8674614
1494,551,ile,ga,21,0,-12017.8793609
1495,1297,ile,es,41,9,-12017.7829211
1496,82,ile,ga,25,0,-12017.8763078
1497,1347,ile,es,14,6,-12017.7365093
1498,1900,ile,es,31,3,-12017.7564498
1499,572,ile,ga,21,9,-12017.8701744
1500,1978,ile,ga,3,18,-12017.7397638
1501,1337,ile,ga,19,14,-12017.8272021
1502,1332,ile,ga,24,2,-12017.9292448
1503,78,ile,es,34,1,-12017.9188174
1504,580,ile,es,16,4,-12017.61845
1505,558,ile,ga,33,12,-12017.6569568
1506,587,ile,ga,12,16,-12017.9002865
1507,1983,ile,ga,24,16,-12017.8409031
1508,588,ile,ga,2,12,-12017.7694623
1509,77,ile,es,4,1,-12017.8600055
1510,1320,ile,es,32,2,-12017.6138377
1511,1317,ile,es,20,0,-12017.9657544
1512,1316,ile,ga,35,3,-12017.7017277
1513,601,ile,ga,31,6,-12017.8668627
1514,1302,ile,ga,25,4,-12017.8257001
1515,1299,ile,ga,21,19,-12017.8658423
1516,124,ile,ga,24,15,-12017.6675312
1517,1976,ile,ga,33,5,-12017.8405357
1518,161,ile,ga,23,12,-12017.8830045
1519,1247,ile,ga,15,2,-12017.8466937
1520,1145,ile,ga,15,4,-12017.8090794
1521,1152,ile,es,31,2,-12017.7647711
1522,1148,ile,ga,17,17,-12017.6904268
1523,198,ile,es,29,4,-12017.5407506
1524,1227,ile,ga,24,10,-12017.8350445
1525,201,ile,ga,22,5,-12017.8034847
1526,1129,ile,ga,40,3,-12017.7329337
1527,1126,ile,ga,40,6,-12017.8506556
1528,1123,ile,es,39,2,-12017.7846626
1529,643,ile,ga,22,8,-12017.8068562
1530,1104,ile,ga,29,7,-12017.836318
1531,1102,ile,es,41,6,-12017.6511445
1532,13,ile,es,30,0,-12017.7829455
1533,644,ile,ga,12,13,-12017.860664
1534,211,ile,es,1,3,-12017.5216972
1535,531,ile,ga,3,11,-12017.7966247
1536,225,ile,ga,20,12,-12017.9747396
1537,526,ile,es,45,15,-12017.8775405
1538,230,ile,ga,21,13,-12017.7637479
1539,1081,ile,es,19,2,-12017.8347615
1540,1077,ile,ga,21,6,-12017.8638396
1541,1073,ile,es,9,4,-12017.6660563
1542,659,ile,ga,31,3,-12017.9086213
1543,242,ile,es,19,1,-12017.6920078
1544,1068,ile,es,4,10,-12017.9076363
1545,1096,ile,es,1,5,-12017.6768892
1546,642,ile,es,47,6,-12017.7708664
1547,443,ile,ga,17,1,-12017.8646913
1548,172,ile,es,45,19,-12017.7129415
1549,2016,ile,ga,24,12,-12017.8567945
1550,1197,ile,es,48,2,-12017.7471517
1551,166,ile,es,21,0,-12017.6858118
1552,1210,ile,ga,23,7,-12017.832854
1553,31,ile,ga,21,3,-12017.6306026
1554,641,ile,ga,21,16,-12017.8026493
1555,1206,ile,es,45,4,-12017.5386608
1556,1163,ile,ga,17,11,-12017.8199721
1557,537,ile,ga,23,3,-12017.8796086
1558,1219,ile,ga,2,9,-12017.8284675
1559,1222,ile,ga,33,6,-12017.8165625
1560,1162,ile,ga,34,18,-12017.7334725
1561,164,ile,ga,39,19,-12017.9021614
1562,1160,ile,es,19,13,-12017.7013794
1563,1158,ile,ga,19,29,-12017.2928304
1564,1209,ile,es,48,7,-12017.9414192
1565,1694,leu,ga,22,146,-12017.8613279
1566,479,leu,ga,22,0,-12017.8263912
1567,1673,leu,ga,15,124,-12017.8284375
1568,1666,leu,ga,21,70,-12017.8635919
1569,1693,leu,ga,21,41,-12017.8033105
1570,506,leu,es,0,0,-12017.9041233
1571,1989,leu,ga,10,17,-12017.6298189
1572,549,leu,ga,22,101,-12017.6672319
1573,450,leu,ga,0,68,-12017.9401348
1574,553,leu,es,10,7,-12017.6181969
1575,47,leu,es,12,10,-12017.6826417
1576,474,leu,ga,1,16,-12017.9178161
1577,456,leu,ga,22,143,-12017.7391407
1578,34,leu,ga,0,80,-12017.9051247
1579,471,leu,ga,22,45,-12017.7409992
1580,2036,leu,ga,20,68,-12017.8327233
1581,1985,leu,ga,0,46,-12017.8321002
1582,52,leu,ga,24,11,-12017.8559129
1583,1686,leu,ga,21,77,-12017.6668264
1584,1683,leu,ga,21,57,-12017.9146459
1585,468,leu,ga,22,169,-12017.7914981
1586,1990,leu,ga,22,113,-12017.7727032
1587,447,leu,ga,18,44,-12017.779887
1588,1667,leu,ga,13,133,-12017.3236772
1589,1846,leu,ga,0,17,-12017.8813093
1590,437,leu,ga,22,21,-12017.7797537
1591,241,leu,ga,13,48,-12017.8986212
1592,234,leu,ga,1,18,-12017.8988661
1593,229,leu,ga,22,115,-12017.7884695
1594,213,leu,ga,22,171,-12017.6789164
1595,210,leu,ga,13,186,-12017.8870373
1596,205,leu,es,0,21,-12017.8155475
1597,2015,leu,ga,22,76,-12017.7501096
1598,192,leu,ga,22,127,-12017.9041396
1599,180,leu,ga,15,137,-12017.9216583
1600,177,leu,ga,22,56,-12017.8614286
1601,173,leu,es,10,2,-12017.8678015
1602,165,leu,ga,13,86,-12017.9071057
1603,2021,leu,ga,21,43,-12017.8731023
1604,158,leu,ga,21,51,-12017.632804
1605,157,leu,ga,0,11,-12017.8308131
1606,156,leu,ga,18,35,-12017.8748221
1607,152,leu,ga,22,75,-12017.9134051
1608,84,leu,ga,22,149,-12017.8970864
1609,1814,leu,ga,13,153,-12017.8619239
1610,87,leu,ga,24,1,-12017.4732392
1611,105,leu,es,0,22,-12017.8230034
1612,2028,leu,ga,21,69,-12017.9366001
1613,110,leu,ga,21,71,-12017.7841673
1614,2008,leu,ga,0,13,-12017.6966991
1615,119,leu,ga,1,45,-12017.8655375
1616,1805,leu,es,13,29,-12017.7767631
1617,126,leu,ga,21,34,-12017.7928995
1618,1802,leu,es,13,31,-12017.6717
1619,140,leu,ga,22,125,-12017.7932832
1620,142,leu,ga,21,56,-12017.8415643
1621,75,leu,ga,21,89,-12017.908371
1622,1807,leu,ga,22,24,-12017.9525759
1623,444,leu,ga,22,102,-12017.9653081
1624,1762,leu,ga,22,163,-12017.8302716
1625,261,leu,ga,1,6,-12017.8403969
1626,434,leu,ga,21,52,-12017.8189299
1627,1702,leu,ga,22,38,-12017.470001
1628,423,leu,ga,21,92,-12017.8783405
1629,420,leu,ga,0,65,-12017.8363316
1630,418,leu,ga,13,173,-12017.9920787
1631,408,leu,ga,21,40,-12017.6338516
1632,401,leu,es,15,1,-12017.4082856
1633,395,leu,ga,20,20,-12017.5685606
1634,1858,leu,ga,18,98,-12017.8042956
1635,1713,leu,ga,13,89,-12017.9716864
1636,394,leu,ga,21,10,-12017.8183176
1637,1715,leu,ga,0,33,-12017.8402037
1638,1717,leu,ga,22,166,-12017.6340421
1639,374,leu,ga,18,101,-12017.6915235
1640,370,leu,ga,0,76,-12017.6285318
1641,1997,leu,ga,22,155,-12017.7876994
1642,65,leu,ga,21,109,-12017.9144364
1643,278,leu,ga,22,122,-12017.831458
1644,2005,leu,ga,0,36,-12017.7945675
1645,1750,leu,ga,1,43,-12017.8206605
1646,303,leu,ga,13,50,-7739.54467579
1647,1746,leu,ga,18,21,-12017.7836748
1648,1659,leu,ga,10,15,-12017.6200664
1649,259,leu,ga,13,184,-12017.8859597
1650,322,leu,ga,22,168,-12017.6780647
1651,337,leu,ga,20,86,-12017.7645588
1652,346,leu,ga,13,120,-12017.6725136
1653,1730,leu,ga,22,118,-12017.5635646
1654,352,leu,ga,22,2,-12017.9034267
1655,1727,leu,ga,22,8,-12017.8546993
1656,361,leu,es,13,35,-12017.743236
1657,332,leu,ga,22,159,-12017.8697009
1658,310,leu,ga,13,56,-12017.9057914
1659,729,leu,es,14,1,-12017.84508
1660,581,leu,ga,18,100,-12017.9670523
1661,1063,leu,ga,22,133,-12017.9132364
1662,1469,leu,ga,22,109,-12017.6432151
1663,1066,leu,es,14,4,-12017.8426637
1664,1069,leu,es,14,2,-12017.6637624
1665,1070,leu,ga,0,12,-12017.9760103
1666,1080,leu,ga,0,29,-12017.6576534
1667,1084,leu,ga,13,162,-12017.8144781
1668,1475,leu,ga,15,12,-12017.7644853
1669,1085,leu,ga,15,130,-12017.7038856
1670,1089,leu,ga,1,59,-12017.8853148
1671,1094,leu,ga,22,73,-12017.7737889
1672,1098,leu,es,0,11,-12017.7972805
1673,1451,leu,ga,0,50,-12017.864596
1674,1142,leu,ga,22,16,-12017.8797092
1675,1889,leu,ga,13,30,-12017.8821392
1676,1147,leu,ga,22,151,-12017.5360022
1677,1458,leu,ga,22,112,-12017.8642804
1678,4,leu,ga,22,1,-12017.8777201
1679,1050,leu,ga,22,175,-12017.8641607
1680,1043,leu,ga,0,42,-12017.9007926
1681,913,leu,ga,13,24,-12017.9110431
1682,916,leu,ga,21,8,-12017.7806734
1683,932,leu,ga,21,44,-12017.7742842
1684,937,leu,ga,0,34,-12017.9584916
1685,939,leu,ga,21,80,-12017.8402799
1686,1507,leu,ga,22,51,-12017.9329674
1687,942,leu,ga,22,100,-12017.9294653
1688,1044,leu,ga,18,23,-12017.734327
1689,948,leu,ga,13,105,-12017.8138033
1690,1936,leu,es,0,5,-12017.8067637
1691,979,leu,ga,22,65,-12017.6734116
1692,1934,leu,ga,1,17,-12017.8990565
1693,1005,leu,ga,13,53,-12017.8414582
1694,1028,leu,ga,18,26,-12017.79066
1695,1039,leu,ga,22,182,-12017.8764602
1696,1481,leu,ga,13,119,-12016.8125141
1697,951,leu,ga,22,178,-12017.7796557
1698,18,leu,ga,21,96,-12017.4248301
1699,1157,leu,ga,22,13,-12017.8210007
1700,1177,leu,es,0,2,-12017.9027981
1701,1393,leu,ga,21,5,-12017.9067274
1702,1293,leu,ga,13,112,-12017.8412568
1703,1295,leu,ga,22,20,-12017.8551346
1704,1389,leu,es,13,33,-12017.6370708
1705,1303,leu,ga,21,25,-12017.8555047
1706,1321,leu,es,14,11,-12017.6099791
1707,1323,leu,ga,21,81,-12017.9110812
1708,1288,leu,ga,22,174,-12017.8375915
1709,1380,leu,ga,13,178,-12017.7803333
1710,1903,leu,es,13,22,-12017.9393158
1711,1377,leu,ga,22,37,-12017.7363052
1712,1328,leu,ga,22,164,-12017.9610223
1713,1331,leu,ga,21,74,-12017.9073097
1714,1341,leu,ga,22,158,-12017.8981994
1715,1343,leu,ga,21,64,-12017.9535555
1716,1368,leu,ga,21,6,-12017.8779922
1717,1326,leu,ga,21,93,-12017.9678279
1718,1169,leu,ga,0,21,-12017.8706533
1719,1287,leu,ga,21,76,-12017.8664899
1720,1278,leu,ga,10,1,-12017.8383507
1721,1182,leu,ga,13,110,-12017.7666568
1722,1199,leu,ga,21,58,-12017.7536906
1723,1891,leu,ga,13,64,-12017.6706605
1724,1425,leu,ga,0,71,-12014.4142984
1725,2,leu,ga,13,7,-12017.8417929
1726,1420,leu,ga,21,63,-12017.9406573
1727,1419,leu,ga,22,140,-12017.8174441
1728,1398,leu,ga,22,55,-12017.9288612
1729,1418,leu,ga,13,116,-12017.7492089
1730,1415,leu,ga,22,135,-12017.8870345
1731,1411,leu,ga,22,176,-12017.8367044
1732,1409,leu,ga,1,34,-12017.8474556
1733,1252,leu,ga,22,40,-12017.7315922
1734,1255,leu,ga,21,99,-12017.7855959
1735,1896,leu,ga,22,104,-12017.7904777
1736,1268,leu,ga,22,7,-12017.9013804
1737,1229,leu,ga,22,10,-12017.6810362
1738,1979,leu,ga,18,9,-12017.7708583
1739,905,leu,ga,13,134,-12017.8580626
1740,895,leu,ga,22,46,-12017.7847551
1741,687,leu,ga,21,106,-12017.5495834
1742,694,leu,ga,22,91,-12017.844914
1743,1605,leu,ga,15,118,-12017.927936
1744,1604,leu,ga,24,38,-12017.8862699
1745,701,leu,ga,21,4,-12017.7466592
1746,704,leu,ga,21,62,-12017.7377665
1747,709,leu,ga,21,60,-12017.9049668
1748,686,leu,ga,15,128,-12017.5476188
1749,28,leu,ga,21,66,-12017.9393131
1750,720,leu,ga,13,21,-12017.8005023
1751,727,leu,ga,18,94,-12017.9476153
1752,1594,leu,es,10,9,-12017.7440278
1753,80,leu,ga,13,192,-12017.838269
1754,731,leu,ga,21,30,-12017.6327822
1755,738,leu,ga,22,157,-12017.7121687
1756,739,leu,es,13,10,-12017.8942864
1757,715,leu,ga,22,39,-12017.815738
1758,749,leu,es,13,9,-12017.7129987
1759,680,leu,es,13,34,-12017.5358798
1760,668,leu,ga,21,9,-12017.8896523
1761,1651,leu,ga,20,55,-12017.8685226
1762,593,leu,ga,13,106,-12016.6173676
1763,604,leu,ga,18,95,-12017.8363942
1764,607,leu,ga,13,114,-12017.8399969
1765,1973,leu,ga,13,59,-12017.6592263
1766,615,leu,ga,22,85,-12017.5742533
1767,625,leu,ga,13,77,-12017.8069297
1768,1870,leu,ga,20,21,-12017.7522103
1769,1637,leu,ga,22,173,-12017.7805918
1770,1632,leu,ga,13,0,-12017.7729862
1771,649,leu,ga,21,67,-12017.7221009
1772,1628,leu,ga,21,17,-12017.7993703
1773,657,leu,ga,21,97,-12017.8093433
1774,662,leu,ga,21,95,-12017.6619093
1775,30,leu,es,15,5,-12017.9635312
1776,667,leu,ga,15,1,-12017.8508897
1777,631,leu,ga,20,83,-12017.5823242
1778,904,leu,ga,0,52,-12017.9134459
1779,1584,leu,ga,0,74,-12017.8300376
1780,763,leu,ga,22,183,-12017.8196483
1781,865,leu,ga,0,30,-12017.8417058
1782,871,leu,ga,22,167,-12017.8023391
1783,872,leu,es,12,5,-12017.8442528
1784,873,leu,ga,1,44,-12017.7382808
1785,874,leu,ga,22,27,-12017.887655
1786,1537,leu,ga,22,117,-12017.7715222
1787,1943,leu,ga,22,160,-12017.7039074
1788,1535,leu,ga,21,90,-12017.9297319
1789,1534,leu,ga,13,103,-12017.9177725
1790,19,leu,ga,13,175,-12017.5949176
1791,882,leu,ga,13,150,-12017.6634767
1792,887,leu,ga,18,22,-12017.896134
1793,889,leu,ga,21,82,-12017.9985631
1794,891,leu,ga,13,98,-12017.8074929
1795,894,leu,ga,22,162,-12017.836718
1796,21,leu,ga,15,116,-12017.7329827
1797,760,leu,ga,18,43,-12017.716996
1798,860,leu,ga,21,83,-12017.134071
1799,837,leu,es,13,20,-12017.7120272
1800,767,leu,ga,21,79,-12017.8432814
1801,768,leu,ga,20,9,-12017.7557614
1802,771,leu,ga,13,176,-12017.7421502
1803,1573,leu,ga,13,164,-12017.5549141
1804,783,leu,ga,13,95,-12017.847861
1805,800,leu,ga,1,57,-12017.8364268
1806,806,leu,ga,22,82,-12017.5608544
1807,1564,leu,ga,22,179,-12017.6437076
1808,815,leu,ga,21,59,-12017.8405194
1809,817,leu,ga,13,181,-12017.8316022
1810,821,leu,ga,21,91,-12017.9538521
1811,1559,leu,ga,0,86,-12017.9135112
1812,826,leu,ga,22,25,-12017.8213109
1813,1556,leu,ga,22,71,-12017.8296784
1814,829,leu,ga,21,61,-12017.8354472
1815,854,leu,ga,13,5,-12017.9210406
1816,1818,leu,es,14,16,-12017.8918156
1817,60,phe,ga,12,2,-15095.6557819
1818,55,phe,es,10,4,-15095.7225614
1819,699,phe,ga,14,11,-15095.4830086
1820,121,phe,es,0,3,-15095.6715999
1821,1269,phe,es,11,0,-15095.6730693
1822,1153,phe,es,11,12,-15095.4499278
1823,1521,phe,es,0,1,-15095.726556
1824,1533,phe,es,10,10,-15095.6632541
1825,1547,phe,ga,12,7,-15095.6120777
1826,819,phe,ga,13,6,-15095.6075388
1827,1952,phe,es,10,5,-15095.442178
1828,1962,phe,es,0,0,-15095.7162646
1829,689,phe,ga,12,3,-15095.5006634
1830,86,phe,es,12,0,-15095.4148196
1831,635,phe,es,10,7,-15095.754064
1832,1867,phe,es,10,12,-15095.4417263
1833,493,phe,es,11,9,-15095.3300725
1834,491,phe,es,11,1,-15095.6592894
1835,475,phe,es,12,3,-15095.7206321
1836,1687,phe,es,10,9,-15095.6330631
1837,388,phe,ga,0,5,-15095.6592323
1838,372,phe,ga,13,0,-15095.5502072
1839,368,phe,es,10,0,-15095.7305316
1840,1794,phe,es,11,10,-15095.7343548
1841,536,phe,ga,10,5,-15095.6711808
1842,2000,trp,es,19,1,-18675.5764645
1843,1920,trp,es,18,5,-18675.9355051
1844,1914,trp,ga,0,23,-18675.8919043
1845,2025,trp,ga,17,13,-18675.9053713
1846,1899,trp,es,1,1,-18675.6260164
1847,2040,trp,ga,15,23,-18675.6941293
1848,283,trp,es,21,0,-18675.9360929
1849,503,trp,es,18,1,-18675.8742632
1850,1053,trp,es,1,3,-18675.8555254
1851,1058,trp,ga,0,13,-18675.9777726
1852,369,trp,es,17,1,-18675.4619699
1853,359,trp,ga,11,1,-18675.9209579
1854,349,trp,ga,17,5,-18675.9495625
1855,1253,trp,es,1,2,-18675.6152271
1856,1260,trp,ga,15,13,-18675.8717978
1857,1022,trp,es,18,2,-18675.7081894
1858,1274,trp,es,14,9,-18675.925407
1859,1318,trp,ga,15,17,-18675.8737054
1860,255,trp,es,17,2,-18675.9346698
1861,1350,trp,ga,15,7,-18675.8709869
1862,1366,trp,es,17,5,-18675.9340194
1863,240,trp,es,15,1,-18675.8955126
1864,1405,trp,es,19,3,-18675.8622603
1865,236,trp,es,0,7,-18675.5802605
1866,1407,trp,ga,14,9,-18675.9230913
1867,1284,trp,ga,18,0,-18675.8850335
1868,1413,trp,es,0,2,-18675.7270714
1869,522,trp,es,0,3,-18675.7756165
1870,940,trp,es,12,3,-18675.789448
1871,714,trp,ga,15,20,-18675.7294388
1872,732,trp,es,12,4,-18675.8881519
1873,752,trp,es,18,3,-18675.9136136
1874,765,trp,ga,15,12,-18675.7805989
1875,675,trp,es,17,4,-18675.8615065
1876,787,trp,es,22,2,-18675.8280637
1877,654,trp,es,14,5,-18675.8791558
1878,634,trp,ga,14,1,-18675.9813373
1879,535,trp,ga,0,22,-18675.8307685
1880,606,trp,ga,13,3,-18675.7862371
1881,846,trp,ga,0,30,-18675.9925457
1882,592,trp,es,17,3,-18675.8733326
1883,880,trp,ga,12,0,-18675.7214985
1884,893,trp,es,19,2,-18675.93941
1885,564,trp,es,1,0,-18675.8680454
1886,563,trp,es,13,5,-18675.9638186
1887,927,trp,es,21,1,-18675.9196409
1888,934,trp,ga,16,2,-18675.8370271
1889,842,trp,ga,13,0,-18675.7673143
1890,228,trp,ga,17,2,-18675.970382
1891,707,trp,es,23,13,-18675.87004
1892,1431,trp,ga,15,19,-18675.8382707
1893,1617,trp,es,17,6,-18675.7758423
1894,1623,trp,ga,0,5,-7739.52874625
1895,1427,trp,ga,11,2,-18675.9417039
1896,1600,trp,ga,18,1,-18675.8732809
1897,1582,trp,ga,15,16,-18675.7610393
1898,107,trp,es,19,0,-18675.7788574
1899,1649,trp,ga,14,14,-18675.4694966
1900,64,trp,es,12,2,-18675.7127419
1901,1681,trp,ga,10,15,-18675.8772619
1902,62,trp,ga,15,14,-18675.7052261
1903,1565,trp,es,13,1,-18675.527982
1904,1550,trp,es,14,7,-18675.856818
1905,1703,trp,ga,18,21,-18675.8887315
1906,51,trp,es,11,1,-18675.8884893
1907,1735,trp,ga,10,8,-18675.7653796
1908,1545,trp,ga,15,22,-18675.8616153
1909,1822,trp,es,12,6,-18675.8833028
1910,203,trp,es,22,0,-18675.9307622
1911,182,trp,es,23,0,-18675.652621
1912,174,trp,es,23,14,-18675.7918508
1913,1505,trp,es,18,6,-18675.6259076
1914,46,trp,es,18,4,-18675.8480341
1915,1764,trp,es,19,5,-18675.8797844
1916,1526,trp,ga,15,2,-18675.8170621
1917,609,val,es,13,5,-10948.4061339
1918,8,val,ga,13,3,-10948.0870722
1919,559,val,es,12,10,-10948.3612296
1920,112,val,es,0,21,-10948.1900863
1921,20,val,es,0,18,-10947.9651897
1922,42,val,ga,10,27,-10948.218359
1923,2035,val,ga,11,1,-10948.1079161
1924,656,val,ga,11,9,-10948.327561
1925,577,val,es,14,10,-10948.070359
1926,651,val,es,18,10,-10947.8307872
1927,57,val,es,11,10,-10948.2140949
1928,603,val,ga,12,33,-10948.2263373
1929,1982,val,es,12,9,-10947.9717531
1930,646,val,es,0,1,-10948.4093366
1931,1974,val,es,14,19,-10948.3264399
1932,70,val,es,15,2,-10948.1558571
1933,556,val,es,14,18,-10948.3586963
1934,147,val,ga,12,28,-10948.1734411
1935,117,val,es,16,15,-10948.3547125
1936,227,val,es,15,9,-10948.3205323
1937,215,val,es,12,4,-10948.1917081
1938,171,val,es,15,6,-10948.4301996
1939,170,val,es,13,6,-10948.1703608
1940,252,val,es,0,6,-10948.2088948
1941,168,val,es,0,9,-10948.4037338
1942,258,val,es,11,2,-10948.2274176
1943,2006,val,es,15,3,-10948.4373589
1944,280,val,es,14,9,-10948.3339203
1945,676,val,es,16,4,-10948.3741469
1946,287,val,ga,11,3,-10948.3554853
1947,162,val,ga,13,10,-10948.4068985
1948,317,val,es,10,3,-10948.3268861
1949,2022,val,es,15,13,-10948.4134619
1950,335,val,ga,0,12,-10948.4054781
1951,336,val,ga,13,22,-10948.1965599
1952,160,val,ga,11,20,-10948.4407903
1953,375,val,ga,10,10,-10948.2974516
1954,413,val,es,14,2,-10948.3630909
1955,429,val,es,0,11,-10948.1917054
1956,432,val,ga,12,2,-10948.3344482
1957,433,val,es,16,0,-10948.2279401
1958,446,val,es,10,1,-10948.4044604
1959,469,val,es,14,7,-10948.154102
1960,150,val,ga,10,9,-10948.3371339
1961,517,val,ga,11,18,-10948.3549492
1962,520,val,ga,11,13,-10948.355118
1963,1984,val,es,15,8,-10948.4122156
1964,1830,val,es,12,14,-10948.1726248
1965,875,val,ga,0,8,-10948.3204017
1966,710,val,es,0,19,-10948.1800453
1967,1485,val,es,17,3,-10948.43811
1968,1483,val,es,15,12,-10948.3839403
1969,1479,val,ga,12,41,-10948.3113675
1970,1468,val,es,11,7,-10948.0930179
1971,1459,val,es,11,13,-10948.4090564
1972,1450,val,es,13,24,-10948.3173921
1973,1446,val,es,13,25,-10948.1222565
1974,1414,val,ga,12,5,-10948.3629548
1975,1895,val,es,14,4,-10948.3524404
1976,1378,val,es,0,14,-10948.2180107
1977,1346,val,ga,14,21,-10948.2025927
1978,1345,val,ga,12,14,-10948.3574064
1979,1338,val,es,0,22,-10948.3556132
1980,1327,val,ga,0,20,-10948.1459604
1981,1304,val,ga,14,16,-10948.3545384
1982,1488,val,es,12,0,-10948.3526716
1983,1301,val,es,13,13,-10948.3092123
1984,1541,val,es,0,8,-10948.0698528
1985,1876,val,es,11,8,-10948.152355
1986,1827,val,es,12,25,-10948.3793579
1987,1812,val,ga,11,17,-10948.1731853
1988,1779,val,ga,14,5,-10948.0004992
1989,1771,val,es,0,16,-10948.3834532
1990,1737,val,es,15,1,-10948.3507832
1991,1721,val,ga,11,22,-10948.4239845
1992,1712,val,es,17,0,-10948.377717
1993,1700,val,ga,14,28,-10948.2039941
1994,1679,val,es,0,2,-10948.4101611
1995,1657,val,ga,10,18,-10948.4072604
1996,1645,val,es,15,15,-10948.4038944
1997,1866,val,es,13,17,-10948.3532703
1998,1620,val,es,10,19,-10948.1988185
1999,1614,val,es,0,4,-10948.3444538
2000,1580,val,es,14,13,-10948.1658628
2001,1542,val,ga,14,22,-10948.0339365
2002,692,val,es,16,6,-10948.0159362
2003,1281,val,es,12,3,-10948.4245913
2004,1231,val,es,14,11,-10948.3524431
2005,954,val,es,14,1,-10948.3792109
2006,918,val,ga,11,12,-10948.3456756
2007,915,val,ga,12,21,-10948.1150482
2008,1843,val,ga,14,24,-10947.9629311
2009,848,val,es,12,27,-10948.2832989
2010,840,val,es,18,13,-10948.2402913
2011,832,val,es,11,12,-10948.3574609
2012,824,val,ga,12,50,-10948.3614092
2013,823,val,es,14,16,-10948.3645712
2014,808,val,ga,11,11,-10948.4356501
2015,1953,val,es,14,15,-10948.2429281
2016,796,val,ga,13,16,-10948.1256498
2017,792,val,es,14,6,-10948.3218411
2018,773,val,es,13,23,-10948.2266612
2019,772,val,es,10,12,-10948.2089765
2020,956,val,es,10,8,-10948.1676043
2021,1265,val,ga,11,0,-10948.1573919
2022,988,val,ga,12,19,-10948.4042644
2023,1008,val,es,10,23,-10948.3601765
2024,1226,val,es,0,17,-10948.4231573
2025,1223,val,ga,12,15,-10948.208005
2026,1214,val,es,10,21,-10948.0822395
2027,1192,val,es,12,5,-10948.3203962
2028,1185,val,es,13,16,-10948.3218303
2029,1164,val,es,13,20,-10948.1796453
2030,1156,val,es,13,2,-10948.3978616
2031,1118,val,ga,0,7,-10948.3277297
2032,1071,val,ga,12,25,-10948.3365054
2033,1061,val,es,10,5,-10948.1911285
2034,1060,val,es,13,26,-10948.1737867
2035,1030,val,ga,11,23,-10948.3252262
2036,1021,val,es,12,15,-10948.4376637
2037,2039,val,ga,12,10,-10948.0122572
2038,1011,val,es,12,2,-10948.2693259
2039,991,val,es,13,18,-10948.0229649
2040,1020,val,es,13,10,-10948.4239764
